dataset,study,subject_id,night,recording_id,path,source_sha256,annotation_source,annotation_sha256,n_epochs,indices_status,fs,channel,raw_units,treatment,original_epoch_runs,original_epoch_index_sha256,omitted_original_full_epochs,preprocessing_provenance
raw_sc,SC,SC:00,1,SC4001E0,/home/FA006/Desktop/Sleep_dl/SLeep_edf_fulldataset/physionet.org/files/sleep-edfx/1.0.0/sleep-cassette/SC4001E0-PSG.edf,2b40a18adf76af69a42d6db1f30f31d26b369f6d27ca0050ef30147ef892b131,/home/FA006/Desktop/Sleep_dl/SLeep_edf_fulldataset/physionet.org/files/sleep-edfx/1.0.0/sleep-cassette/SC4001EC-Hypnogram.edf,a4cf67694ade1b52a0ddd06d5817fd45d2d3e8bac5302f640f3e9cfbbf12a996,2650,original_raw_grid,,,,,,,,
edf20_npz,SC,SC:00,1,SC4001E0,/home/FA006/Desktop/Dimension/dataset/Preprocessed Sleep-EDF-20 dataset/SC4001E0.npz,dd228377a29a5270d69a53505877e8618d8a6df1ed75da26fb098b1020f50dbe,,,841,all_epochs_waveform_verified,100.0,EEG Fpz-Cz,uV,,"[{""array_start"": 0, ""array_stop"": 841, ""original_start"": 961, ""original_stop"": 1802}]",b8137835e35fad189db10748838488b5140644e489ea39d260fc1400814c6206,1809,unknown upstream script/policy
edf78_npz,SC,SC:00,1,SC4001E0,/home/FA006/Desktop/Dimension/dataset/Preprocessed Sleep-EDF-78 dataset/SC4001E0.npz,227c7e3b35b94dc7098942b7534b5ab4b1c2f8a2ada1a2ca2c266dd0a64e6417,,,841,all_epochs_waveform_verified,100.0,EEG Fpz-Cz,uV,,"[{""array_start"": 0, ""array_stop"": 841, ""original_start"": 961, ""original_stop"": 1802}]",b8137835e35fad189db10748838488b5140644e489ea39d260fc1400814c6206,1809,unknown upstream script/policy
raw_sc,SC,SC:00,2,SC4002E0,/home/FA006/Desktop/Sleep_dl/SLeep_edf_fulldataset/physionet.org/files/sleep-edfx/1.0.0/sleep-cassette/SC4002E0-PSG.edf,bf91934cdbf7c9577bc91b411462ddb51c418e17e10a2f59a15feeeb917b0a5f,/home/FA006/Desktop/Sleep_dl/SLeep_edf_fulldataset/physionet.org/files/sleep-edfx/1.0.0/sleep-cassette/SC4002EC-Hypnogram.edf,76e8457a67eaaaa62c7f6cc6e098fbe1c0a9c3fa02fa90ea01460aa481d71e82,2830,original_raw_grid,,,,,,,,
edf20_npz,SC,SC:00,2,SC4002E0,/home/FA006/Desktop/Dimension/dataset/Preprocessed Sleep-EDF-20 dataset/SC4002E0.npz,62f3eb92cb1162ca1d99e5ec823abb198c35d43c41211a4963b5831f5a76f343,,,1127,all_epochs_waveform_verified,100.0,EEG Fpz-Cz,uV,,"[{""array_start"": 0, ""array_stop"": 127, ""original_start"": 809, ""original_stop"": 936}, {""array_start"": 127, ""array_stop"": 1127, ""original_start"": 937, ""original_stop"": 1937}]",dc73e59603dbb2aae7598a5625bb1aa0ab970af1605a4cd6250d9ab48a629324,1703,unknown upstream script/policy
edf78_npz,SC,SC:00,2,SC4002E0,/home/FA006/Desktop/Dimension/dataset/Preprocessed Sleep-EDF-78 dataset/SC4002E0.npz,2a43c89ffa54c7389fef28dd1182cf1c9a6b54ce5a0b671c36f504767b1e22c6,,,1127,all_epochs_waveform_verified,100.0,EEG Fpz-Cz,uV,,"[{""array_start"": 0, ""array_stop"": 127, ""original_start"": 809, ""original_stop"": 936}, {""array_start"": 127, ""array_stop"": 1127, ""original_start"": 937, ""original_stop"": 1937}]",dc73e59603dbb2aae7598a5625bb1aa0ab970af1605a4cd6250d9ab48a629324,1703,unknown upstream script/policy
raw_sc,SC,SC:01,1,SC4011E0,/home/FA006/Desktop/Sleep_dl/SLeep_edf_fulldataset/physionet.org/files/sleep-edfx/1.0.0/sleep-cassette/SC4011E0-PSG.edf,9e4c34f3f631275990fd7a2d61a24e998c7b03eb9b37ebe5cd7c8323d8310a15,/home/FA006/Desktop/Sleep_dl/SLeep_edf_fulldataset/physionet.org/files/sleep-edfx/1.0.0/sleep-cassette/SC4011EH-Hypnogram.edf,5bbf7b4ed8a95c8d20e4347b08c2ded2ee21e2dac4680dedf629795adc2edc83,2802,original_raw_grid,,,,,,,,
edf20_npz,SC,SC:01,1,SC4011E0,/home/FA006/Desktop/Dimension/dataset/Preprocessed Sleep-EDF-20 dataset/SC4011E0.npz,939244af98e91c5828f640b45d47f16b0a2fa911199716cd0518d86b3910ca99,,,1103,all_epochs_waveform_verified,100.0,EEG Fpz-Cz,uV,,"[{""array_start"": 0, ""array_stop"": 1103, ""original_start"": 658, ""original_stop"": 1761}]",43369fff5f81c5e0ea604730ae90dc143e561c51f471988e5b7648febc5827f0,1699,unknown upstream script/policy
edf78_npz,SC,SC:01,1,SC4011E0,/home/FA006/Desktop/Dimension/dataset/Preprocessed Sleep-EDF-78 dataset/SC4011E0.npz,451f1665e6f2381ad4a4c6a38d5581b2265bdad1d3a313b4578bdc19fad37d78,,,1103,all_epochs_waveform_verified,100.0,EEG Fpz-Cz,uV,,"[{""array_start"": 0, ""array_stop"": 1103, ""original_start"": 658, ""original_stop"": 1761}]",43369fff5f81c5e0ea604730ae90dc143e561c51f471988e5b7648febc5827f0,1699,unknown upstream script/policy
raw_sc,SC,SC:01,2,SC4012E0,/home/FA006/Desktop/Sleep_dl/SLeep_edf_fulldataset/physionet.org/files/sleep-edfx/1.0.0/sleep-cassette/SC4012E0-PSG.edf,1aa575e87d16f6c8f73c186d7a64a212de919bb9cbb62ac7c1750d3896852095,/home/FA006/Desktop/Sleep_dl/SLeep_edf_fulldataset/physionet.org/files/sleep-edfx/1.0.0/sleep-cassette/SC4012EC-Hypnogram.edf,b6323df8b3867a5fdbd80f0cd8233b59659ac496fa48c8c7277f48bfbb1d9a0e,2850,original_raw_grid,,,,,,,,
edf20_npz,SC,SC:01,2,SC4012E0,/home/FA006/Desktop/Dimension/dataset/Preprocessed Sleep-EDF-20 dataset/SC4012E0.npz,a85d6ddd14233ef7091642f93a455de31c7a932eba9d3743ee83fc08f20750e3,,,1186,all_epochs_waveform_verified,100.0,EEG Fpz-Cz,uV,,"[{""array_start"": 0, ""array_stop"": 1186, ""original_start"": 583, ""original_stop"": 1769}]",edef4faf343a1f32a4d71128e13a9c9a3bd3bad7afc58226b57b6c2952eef62c,1664,unknown upstream script/policy
edf78_npz,SC,SC:01,2,SC4012E0,/home/FA006/Desktop/Dimension/dataset/Preprocessed Sleep-EDF-78 dataset/SC4012E0.npz,67336f784b51cd5db7e66e45dd93cc937e0f9b474cb8118b2e726d4f4d8a9537,,,1186,all_epochs_waveform_verified,100.0,EEG Fpz-Cz,uV,,"[{""array_start"": 0, ""array_stop"": 1186, ""original_start"": 583, ""original_stop"": 1769}]",edef4faf343a1f32a4d71128e13a9c9a3bd3bad7afc58226b57b6c2952eef62c,1664,unknown upstream script/policy
raw_sc,SC,SC:02,1,SC4021E0,/home/FA006/Desktop/Sleep_dl/SLeep_edf_fulldataset/physionet.org/files/sleep-edfx/1.0.0/sleep-cassette/SC4021E0-PSG.edf,810adaedf42621e389ca767274045fbafb123bbc5d99bc15ce2c5bacb52e378c,/home/FA006/Desktop/Sleep_dl/SLeep_edf_fulldataset/physionet.org/files/sleep-edfx/1.0.0/sleep-cassette/SC4021EH-Hypnogram.edf,62b49b26bf08941cb0e974cfeeb0a820bf7dd43fb0c66dd89b4c3a6c0ee45dd8,2804,original_raw_grid,,,,,,,,
edf20_npz,SC,SC:02,1,SC4021E0,/home/FA006/Desktop/Dimension/dataset/Preprocessed Sleep-EDF-20 dataset/SC4021E0.npz,d2bc598c735a8fa5ae7eee336e0a147ea9755ba24050f3aad5155b3d381f3161,,,1025,all_epochs_waveform_verified,100.0,EEG Fpz-Cz,uV,,"[{""array_start"": 0, ""array_stop"": 1025, ""original_start"": 669, ""original_stop"": 1694}]",d3b59868b2f34c38d037a083a02f1f3683de6eeacb059cb46a36df502158a5eb,1779,unknown upstream script/policy
edf78_npz,SC,SC:02,1,SC4021E0,/home/FA006/Desktop/Dimension/dataset/Preprocessed Sleep-EDF-78 dataset/SC4021E0.npz,930faf838a5a7f9f8e3fb32d22509bac25437d277bda0a79592bbd82339252cf,,,1025,all_epochs_waveform_verified,100.0,EEG Fpz-Cz,uV,,"[{""array_start"": 0, ""array_stop"": 1025, ""original_start"": 669, ""original_stop"": 1694}]",d3b59868b2f34c38d037a083a02f1f3683de6eeacb059cb46a36df502158a5eb,1779,unknown upstream script/policy
raw_sc,SC,SC:02,2,SC4022E0,/home/FA006/Desktop/Sleep_dl/SLeep_edf_fulldataset/physionet.org/files/sleep-edfx/1.0.0/sleep-cassette/SC4022E0-PSG.edf,8573b32d49ff646b8c1c3589380346be02dc4f25ebcbabb05626cbdffd96d93a,/home/FA006/Desktop/Sleep_dl/SLeep_edf_fulldataset/physionet.org/files/sleep-edfx/1.0.0/sleep-cassette/SC4022EJ-Hypnogram.edf,5289ca8a9417307cbbf8b2a4e511909ac742c69d45c17aee7f1731a2a98c49ce,2756,original_raw_grid,,,,,,,,
edf20_npz,SC,SC:02,2,SC4022E0,/home/FA006/Desktop/Dimension/dataset/Preprocessed Sleep-EDF-20 dataset/SC4022E0.npz,8daca6795e4401ab58c369e4c6971336f5c4f031a34c096ed1dfa8b067335c2d,,,1009,all_epochs_waveform_verified,100.0,EEG Fpz-Cz,uV,,"[{""array_start"": 0, ""array_stop"": 558, ""original_start"": 697, ""original_stop"": 1255}, {""array_start"": 558, ""array_stop"": 1009, ""original_start"": 1256, ""original_stop"": 1707}]",b29730328ad0840fff5643fd759e5e761021842ac4a96f6963817cd7710087a7,1747,unknown upstream script/policy
edf78_npz,SC,SC:02,2,SC4022E0,/home/FA006/Desktop/Dimension/dataset/Preprocessed Sleep-EDF-78 dataset/SC4022E0.npz,921146f22e7eaf6db3b1bab09f159d7c883de4ed76f6d6c8fb4facd872068ee2,,,1009,all_epochs_waveform_verified,100.0,EEG Fpz-Cz,uV,,"[{""array_start"": 0, ""array_stop"": 558, ""original_start"": 697, ""original_stop"": 1255}, {""array_start"": 558, ""array_stop"": 1009, ""original_start"": 1256, ""original_stop"": 1707}]",b29730328ad0840fff5643fd759e5e761021842ac4a96f6963817cd7710087a7,1747,unknown upstream script/policy
raw_sc,SC,SC:03,1,SC4031E0,/home/FA006/Desktop/Sleep_dl/SLeep_edf_fulldataset/physionet.org/files/sleep-edfx/1.0.0/sleep-cassette/SC4031E0-PSG.edf,ce2314a60dd6e1437f9cd720c2e59c23aabe471e4821f9544593109a9b0715dd,/home/FA006/Desktop/Sleep_dl/SLeep_edf_fulldataset/physionet.org/files/sleep-edfx/1.0.0/sleep-cassette/SC4031EC-Hypnogram.edf,7ec3d3c8d8f1a89d48df4cc85be374fbdf70d4b5ec5ec321c03d586dd2cc1617,2820,original_raw_grid,,,,,,,,
edf20_npz,SC,SC:03,1,SC4031E0,/home/FA006/Desktop/Dimension/dataset/Preprocessed Sleep-EDF-20 dataset/SC4031E0.npz,1122afe70d3c0531f5d826922aa18fbe11025db0569da31267cdd53f48ffbb20,,,952,all_epochs_waveform_verified,100.0,EEG Fpz-Cz,uV,,"[{""array_start"": 0, ""array_stop"": 952, ""original_start"": 811, ""original_stop"": 1763}]",4c59d108d7f92885ebd2347237aca2ad67af0437317864a48a6efcda20a1671a,1868,unknown upstream script/policy
edf78_npz,SC,SC:03,1,SC4031E0,/home/FA006/Desktop/Dimension/dataset/Preprocessed Sleep-EDF-78 dataset/SC4031E0.npz,c2bd533424fb28b5dda7045c2f852781e62fc5c2277b201c1b2c41ba76317731,,,952,all_epochs_waveform_verified,100.0,EEG Fpz-Cz,uV,,"[{""array_start"": 0, ""array_stop"": 952, ""original_start"": 811, ""original_stop"": 1763}]",4c59d108d7f92885ebd2347237aca2ad67af0437317864a48a6efcda20a1671a,1868,unknown upstream script/policy
raw_sc,SC,SC:03,2,SC4032E0,/home/FA006/Desktop/Sleep_dl/SLeep_edf_fulldataset/physionet.org/files/sleep-edfx/1.0.0/sleep-cassette/SC4032E0-PSG.edf,a2ae46bb9b9752bff538e1e9a0ad95f5a5eab8f654a4cd22d9f503b11b584b9d,/home/FA006/Desktop/Sleep_dl/SLeep_edf_fulldataset/physionet.org/files/sleep-edfx/1.0.0/sleep-cassette/SC4032EP-Hypnogram.edf,0ef073c5cfba31459732be96cc51e7106d5650c1db1b9669f10c0482844c5641,2732,original_raw_grid,,,,,,,,
edf20_npz,SC,SC:03,2,SC4032E0,/home/FA006/Desktop/Dimension/dataset/Preprocessed Sleep-EDF-20 dataset/SC4032E0.npz,24616930137aefefd162777cbcbcb474877e931e5affbfca207b66cc4d4d49b8,,,911,all_epochs_waveform_verified,100.0,EEG Fpz-Cz,uV,,"[{""array_start"": 0, ""array_stop"": 911, ""original_start"": 861, ""original_stop"": 1772}]",a282f4e41a7423ba5cd873cb802dec127462beac7cae4106c6177c6d45dd6749,1821,unknown upstream script/policy
edf78_npz,SC,SC:03,2,SC4032E0,/home/FA006/Desktop/Dimension/dataset/Preprocessed Sleep-EDF-78 dataset/SC4032E0.npz,5dcc38c11caa66297c580e3a17086652e3cb351a3b6676bd956ca676b553a19e,,,911,all_epochs_waveform_verified,100.0,EEG Fpz-Cz,uV,,"[{""array_start"": 0, ""array_stop"": 911, ""original_start"": 861, ""original_stop"": 1772}]",a282f4e41a7423ba5cd873cb802dec127462beac7cae4106c6177c6d45dd6749,1821,unknown upstream script/policy
raw_sc,SC,SC:04,1,SC4041E0,/home/FA006/Desktop/Sleep_dl/SLeep_edf_fulldataset/physionet.org/files/sleep-edfx/1.0.0/sleep-cassette/SC4041E0-PSG.edf,28ae3a51cca93bb1502a2c613b4a84758d09feee042b925a09a7cdce0c1bf4f5,/home/FA006/Desktop/Sleep_dl/SLeep_edf_fulldataset/physionet.org/files/sleep-edfx/1.0.0/sleep-cassette/SC4041EC-Hypnogram.edf,da33d90216e031a6b04c9ebaddcdf7abc223f1e61fd5899093815c7aea65e39a,2570,original_raw_grid,,,,,,,,
edf20_npz,SC,SC:04,1,SC4041E0,/home/FA006/Desktop/Dimension/dataset/Preprocessed Sleep-EDF-20 dataset/SC4041E0.npz,23452b6c76298851227c83cee5cfa963366949744012f7de441b94a1d5301f5d,,,1235,all_epochs_waveform_verified,100.0,EEG Fpz-Cz,uV,,"[{""array_start"": 0, ""array_stop"": 614, ""original_start"": 752, ""original_stop"": 1366}, {""array_start"": 614, ""array_stop"": 1235, ""original_start"": 1367, ""original_stop"": 1988}]",a9b52e9d8a5d56c13699ed18735ceed9c85f8c3b256f763758d04eb859b0c4be,1335,unknown upstream script/policy
edf78_npz,SC,SC:04,1,SC4041E0,/home/FA006/Desktop/Dimension/dataset/Preprocessed Sleep-EDF-78 dataset/SC4041E0.npz,a2ac49f67b834d37bc099e7188acd4c8471a0bc4f83e030857e0192642b691f8,,,1235,all_epochs_waveform_verified,100.0,EEG Fpz-Cz,uV,,"[{""array_start"": 0, ""array_stop"": 614, ""original_start"": 752, ""original_stop"": 1366}, {""array_start"": 614, ""array_stop"": 1235, ""original_start"": 1367, ""original_stop"": 1988}]",a9b52e9d8a5d56c13699ed18735ceed9c85f8c3b256f763758d04eb859b0c4be,1335,unknown upstream script/policy
raw_sc,SC,SC:04,2,SC4042E0,/home/FA006/Desktop/Sleep_dl/SLeep_edf_fulldataset/physionet.org/files/sleep-edfx/1.0.0/sleep-cassette/SC4042E0-PSG.edf,a03fad405e182599e3204aeeedfde56e5f0ccc9107e63d1747317371bcccb20d,/home/FA006/Desktop/Sleep_dl/SLeep_edf_fulldataset/physionet.org/files/sleep-edfx/1.0.0/sleep-cassette/SC4042EC-Hypnogram.edf,28ece9383d5c49f375a34d63c1226cd0eb8c5a4bb9f887eb80c18caccd3bc544,2792,original_raw_grid,,,,,,,,
edf20_npz,SC,SC:04,2,SC4042E0,/home/FA006/Desktop/Dimension/dataset/Preprocessed Sleep-EDF-20 dataset/SC4042E0.npz,fdd1b3ff0efdc5d1aee52d8d6efc2f93a3a1bbab16d683e9e7e46eb2f6f99c31,,,1200,all_epochs_waveform_verified,100.0,EEG Fpz-Cz,uV,,"[{""array_start"": 0, ""array_stop"": 285, ""original_start"": 1014, ""original_stop"": 1299}, {""array_start"": 285, ""array_stop"": 359, ""original_start"": 1300, ""original_stop"": 1374}, {""array_start"": 359, ""array_stop"": 468, ""original_start"": 1375, ""original_stop"": 1484}, {""array_start"": 468, ""array_stop"": 494, ""original_start"": 1485, ""original_stop"": 1511}, {""array_start"": 494, ""array_stop"": 1200, ""original_start"": 1512, ""original_stop"": 2218}]",7fe6224d78517df422737a839f5e303cb916e1920b834e6cede2703f9d49a0fd,1592,unknown upstream script/policy
edf78_npz,SC,SC:04,2,SC4042E0,/home/FA006/Desktop/Dimension/dataset/Preprocessed Sleep-EDF-78 dataset/SC4042E0.npz,8c03f4fb35ac9834e293c89d105352c2d77f73815b9c7b5b6889156500dd3f45,,,1200,all_epochs_waveform_verified,100.0,EEG Fpz-Cz,uV,,"[{""array_start"": 0, ""array_stop"": 285, ""original_start"": 1014, ""original_stop"": 1299}, {""array_start"": 285, ""array_stop"": 359, ""original_start"": 1300, ""original_stop"": 1374}, {""array_start"": 359, ""array_stop"": 468, ""original_start"": 1375, ""original_stop"": 1484}, {""array_start"": 468, ""array_stop"": 494, ""original_start"": 1485, ""original_stop"": 1511}, {""array_start"": 494, ""array_stop"": 1200, ""original_start"": 1512, ""original_stop"": 2218}]",7fe6224d78517df422737a839f5e303cb916e1920b834e6cede2703f9d49a0fd,1592,unknown upstream script/policy
raw_sc,SC,SC:05,1,SC4051E0,/home/FA006/Desktop/Sleep_dl/SLeep_edf_fulldataset/physionet.org/files/sleep-edfx/1.0.0/sleep-cassette/SC4051E0-PSG.edf,e460a9589726f19a1fe544fb79c46f82562229f19696e0c0fb5ffd9f959dab7c,/home/FA006/Desktop/Sleep_dl/SLeep_edf_fulldataset/physionet.org/files/sleep-edfx/1.0.0/sleep-cassette/SC4051EC-Hypnogram.edf,3551410c52b819efbe6297d333ee729e4f5c7ba11c0cae6d321feee79a39ed43,2722,original_raw_grid,,,,,,,,
edf20_npz,SC,SC:05,1,SC4051E0,/home/FA006/Desktop/Dimension/dataset/Preprocessed Sleep-EDF-20 dataset/SC4051E0.npz,671410c005e9b25364ca67d4b3d14d4f074ce50989ef8630a03b28ffd655565f,,,672,all_epochs_waveform_verified,100.0,EEG Fpz-Cz,uV,,"[{""array_start"": 0, ""array_stop"": 672, ""original_start"": 1229, ""original_stop"": 1901}]",4cdf6f19d73b1f220870d11bfba2afb9f6a0353fb79a02d9d0529c1e2a4583d7,2050,unknown upstream script/policy
edf78_npz,SC,SC:05,1,SC4051E0,/home/FA006/Desktop/Dimension/dataset/Preprocessed Sleep-EDF-78 dataset/SC4051E0.npz,7eeb817efea5f5b7913c1f28a7121a84b17f1a8ac74ef40824936cf6080c19c5,,,672,all_epochs_waveform_verified,100.0,EEG Fpz-Cz,uV,,"[{""array_start"": 0, ""array_stop"": 672, ""original_start"": 1229, ""original_stop"": 1901}]",4cdf6f19d73b1f220870d11bfba2afb9f6a0353fb79a02d9d0529c1e2a4583d7,2050,unknown upstream script/policy
raw_sc,SC,SC:05,2,SC4052E0,/home/FA006/Desktop/Sleep_dl/SLeep_edf_fulldataset/physionet.org/files/sleep-edfx/1.0.0/sleep-cassette/SC4052E0-PSG.edf,a3f7bb20aa097b1865b9851ab414892396525414e014c310555de1ee1de1705b,/home/FA006/Desktop/Sleep_dl/SLeep_edf_fulldataset/physionet.org/files/sleep-edfx/1.0.0/sleep-cassette/SC4052EC-Hypnogram.edf,4b3f236c98808407386c5c815ee0e2f68330e902dba3b744625981858cb668d9,2806,original_raw_grid,,,,,,,,
edf20_npz,SC,SC:05,2,SC4052E0,/home/FA006/Desktop/Dimension/dataset/Preprocessed Sleep-EDF-20 dataset/SC4052E0.npz,d1f3fd25575c48aa2a7a5e96433be13c790deac4ee8b0314d421bff177d7ea65,,,1246,all_epochs_waveform_verified,100.0,EEG Fpz-Cz,uV,,"[{""array_start"": 0, ""array_stop"": 166, ""original_start"": 1021, ""original_stop"": 1187}, {""array_start"": 166, ""array_stop"": 351, ""original_start"": 1188, ""original_stop"": 1373}, {""array_start"": 351, ""array_stop"": 1246, ""original_start"": 1374, ""original_stop"": 2269}]",5309edd8de5aee519c9168a5ea69ef5efd4210afeb9a824c5a517a8859d39a06,1560,unknown upstream script/policy
edf78_npz,SC,SC:05,2,SC4052E0,/home/FA006/Desktop/Dimension/dataset/Preprocessed Sleep-EDF-78 dataset/SC4052E0.npz,dd8b4237b369dc1090b6ecb39b42eebe10c345313c9659964fa6a71f2fc14695,,,1246,all_epochs_waveform_verified,100.0,EEG Fpz-Cz,uV,,"[{""array_start"": 0, ""array_stop"": 166, ""original_start"": 1021, ""original_stop"": 1187}, {""array_start"": 166, ""array_stop"": 351, ""original_start"": 1188, ""original_stop"": 1373}, {""array_start"": 351, ""array_stop"": 1246, ""original_start"": 1374, ""original_stop"": 2269}]",5309edd8de5aee519c9168a5ea69ef5efd4210afeb9a824c5a517a8859d39a06,1560,unknown upstream script/policy
raw_sc,SC,SC:06,1,SC4061E0,/home/FA006/Desktop/Sleep_dl/SLeep_edf_fulldataset/physionet.org/files/sleep-edfx/1.0.0/sleep-cassette/SC4061E0-PSG.edf,8a1c1d812f3207e006c8f1ae7b7a9d5625a8aaba09869aea42562ac61d1c984a,/home/FA006/Desktop/Sleep_dl/SLeep_edf_fulldataset/physionet.org/files/sleep-edfx/1.0.0/sleep-cassette/SC4061EC-Hypnogram.edf,a99705c2b75462acb6d422681526265e476f0b01708eee2e845d0d89b5aa1ae8,2770,original_raw_grid,,,,,,,,
edf20_npz,SC,SC:06,1,SC4061E0,/home/FA006/Desktop/Dimension/dataset/Preprocessed Sleep-EDF-20 dataset/SC4061E0.npz,796254bb81b300415e8774ed627124cbecef05f708cb80055015220792d5942a,,,843,all_epochs_waveform_verified,100.0,EEG Fpz-Cz,uV,,"[{""array_start"": 0, ""array_stop"": 843, ""original_start"": 875, ""original_stop"": 1718}]",c68e1f9b56d941a3d1307aabccb51dbb260c1c42762672bc9c1459acef00a01c,1927,unknown upstream script/policy
edf78_npz,SC,SC:06,1,SC4061E0,/home/FA006/Desktop/Dimension/dataset/Preprocessed Sleep-EDF-78 dataset/SC4061E0.npz,a170c68e78659ac6ae5fb7a8b6c52e77e7e8b64dc16527b89c9b4fbc0958c89f,,,843,all_epochs_waveform_verified,100.0,EEG Fpz-Cz,uV,,"[{""array_start"": 0, ""array_stop"": 843, ""original_start"": 875, ""original_stop"": 1718}]",c68e1f9b56d941a3d1307aabccb51dbb260c1c42762672bc9c1459acef00a01c,1927,unknown upstream script/policy
raw_sc,SC,SC:06,2,SC4062E0,/home/FA006/Desktop/Sleep_dl/SLeep_edf_fulldataset/physionet.org/files/sleep-edfx/1.0.0/sleep-cassette/SC4062E0-PSG.edf,1b5e626a290030f334c5e5bf5e31b1960e3d63fdaf9a6c0f1227a3b1a045c328,/home/FA006/Desktop/Sleep_dl/SLeep_edf_fulldataset/physionet.org/files/sleep-edfx/1.0.0/sleep-cassette/SC4062EC-Hypnogram.edf,2f22cf8744e481f3fcb08b22ed884a7b382f5a7d88fea5a13afb6f526ad55e40,2830,original_raw_grid,,,,,,,,
edf20_npz,SC,SC:06,2,SC4062E0,/home/FA006/Desktop/Dimension/dataset/Preprocessed Sleep-EDF-20 dataset/SC4062E0.npz,30c0beac1b6bc5bdc409a2ec51cad515fa4ef9c1240e9ff872a9a53e55b4ba71,,,1016,all_epochs_waveform_verified,100.0,EEG Fpz-Cz,uV,,"[{""array_start"": 0, ""array_stop"": 1016, ""original_start"": 787, ""original_stop"": 1803}]",da4a68da6f57ecb6fab17dc5c36aad4b10ce80d0b266fa03085bc906a614a9a0,1814,unknown upstream script/policy
edf78_npz,SC,SC:06,2,SC4062E0,/home/FA006/Desktop/Dimension/dataset/Preprocessed Sleep-EDF-78 dataset/SC4062E0.npz,08cbd560e57d9d8fd8a607bfdfb48288f76013c3d9b325406bd0627294876906,,,1016,all_epochs_waveform_verified,100.0,EEG Fpz-Cz,uV,,"[{""array_start"": 0, ""array_stop"": 1016, ""original_start"": 787, ""original_stop"": 1803}]",da4a68da6f57ecb6fab17dc5c36aad4b10ce80d0b266fa03085bc906a614a9a0,1814,unknown upstream script/policy
raw_sc,SC,SC:07,1,SC4071E0,/home/FA006/Desktop/Sleep_dl/SLeep_edf_fulldataset/physionet.org/files/sleep-edfx/1.0.0/sleep-cassette/SC4071E0-PSG.edf,417081e551fb60e3a735059c5df4ee2cf320cb342c563e666cb2b3fde98f64e3,/home/FA006/Desktop/Sleep_dl/SLeep_edf_fulldataset/physionet.org/files/sleep-edfx/1.0.0/sleep-cassette/SC4071EC-Hypnogram.edf,f81cfe51fa83a91096e4ba0538168ada9f604e8cb5f9c40849ebdd22c1cfeafd,2810,original_raw_grid,,,,,,,,
edf20_npz,SC,SC:07,1,SC4071E0,/home/FA006/Desktop/Dimension/dataset/Preprocessed Sleep-EDF-20 dataset/SC4071E0.npz,3b1810e5a56e6ab9acfbb2580e73f05c55af56d04ce8ed54108ee4e5d5ff3074,,,976,all_epochs_waveform_verified,100.0,EEG Fpz-Cz,uV,,"[{""array_start"": 0, ""array_stop"": 976, ""original_start"": 873, ""original_stop"": 1849}]",e44f2c0f1194059cbabc6582968cad07df316d7f43d623188bce828537e9e652,1834,unknown upstream script/policy
edf78_npz,SC,SC:07,1,SC4071E0,/home/FA006/Desktop/Dimension/dataset/Preprocessed Sleep-EDF-78 dataset/SC4071E0.npz,26414851f6c3dda090d5c802c61499ce2f12b39f372de253bc6100f7d75776df,,,976,all_epochs_waveform_verified,100.0,EEG Fpz-Cz,uV,,"[{""array_start"": 0, ""array_stop"": 976, ""original_start"": 873, ""original_stop"": 1849}]",e44f2c0f1194059cbabc6582968cad07df316d7f43d623188bce828537e9e652,1834,unknown upstream script/policy
raw_sc,SC,SC:07,2,SC4072E0,/home/FA006/Desktop/Sleep_dl/SLeep_edf_fulldataset/physionet.org/files/sleep-edfx/1.0.0/sleep-cassette/SC4072E0-PSG.edf,98a17086389930ded26aacbf80f87edf64c575db03f81397aacd85da605c1a0d,/home/FA006/Desktop/Sleep_dl/SLeep_edf_fulldataset/physionet.org/files/sleep-edfx/1.0.0/sleep-cassette/SC4072EH-Hypnogram.edf,a87fa7816b6b5c82b2d4d1f9d4b7ff3984232ab2af2a54eeb4b705cfba446f5a,2770,original_raw_grid,,,,,,,,
edf20_npz,SC,SC:07,2,SC4072E0,/home/FA006/Desktop/Dimension/dataset/Preprocessed Sleep-EDF-20 dataset/SC4072E0.npz,ba77204a620680270735f93bf637c88b910ac398383a4561f4776969b4d540ac,,,1273,all_epochs_waveform_verified,100.0,EEG Fpz-Cz,uV,,"[{""array_start"": 0, ""array_stop"": 1273, ""original_start"": 580, ""original_stop"": 1853}]",a9028aded96028fc9755a1600c278aedaf6f23928eabfcd289429ed395643f83,1497,unknown upstream script/policy
edf78_npz,SC,SC:07,2,SC4072E0,/home/FA006/Desktop/Dimension/dataset/Preprocessed Sleep-EDF-78 dataset/SC4072E0.npz,a5e03a707fd3a9046f4f9934c38708b3c730091e12429bffc700fe689f20548e,,,1273,all_epochs_waveform_verified,100.0,EEG Fpz-Cz,uV,,"[{""array_start"": 0, ""array_stop"": 1273, ""original_start"": 580, ""original_stop"": 1853}]",a9028aded96028fc9755a1600c278aedaf6f23928eabfcd289429ed395643f83,1497,unknown upstream script/policy
raw_sc,SC,SC:08,1,SC4081E0,/home/FA006/Desktop/Sleep_dl/SLeep_edf_fulldataset/physionet.org/files/sleep-edfx/1.0.0/sleep-cassette/SC4081E0-PSG.edf,3210ff3851996b1d04fb879765ebb3de6012152fab6fcbb11896c7636068e6dc,/home/FA006/Desktop/Sleep_dl/SLeep_edf_fulldataset/physionet.org/files/sleep-edfx/1.0.0/sleep-cassette/SC4081EC-Hypnogram.edf,626b6c685079aa3d185f7af69098b973940733e0cbe9c5d7435495afafdcca2f,2796,original_raw_grid,,,,,,,,
edf20_npz,SC,SC:08,1,SC4081E0,/home/FA006/Desktop/Dimension/dataset/Preprocessed Sleep-EDF-20 dataset/SC4081E0.npz,53b63231d23009aa60864a9f5e621de388606e2af07cce14585c796e3f78d00a,,,1134,all_epochs_waveform_verified,100.0,EEG Fpz-Cz,uV,,"[{""array_start"": 0, ""array_stop"": 1134, ""original_start"": 743, ""original_stop"": 1877}]",e77114cdf63bd286dc8e1094653df265cbd7065545162c4443bd3f6a9a4595dc,1662,unknown upstream script/policy
edf78_npz,SC,SC:08,1,SC4081E0,/home/FA006/Desktop/Dimension/dataset/Preprocessed Sleep-EDF-78 dataset/SC4081E0.npz,26e00ebfedf6797e48ad26770e6c9aef1ef26d84dbadbbdd7909800a93567bd0,,,1134,all_epochs_waveform_verified,100.0,EEG Fpz-Cz,uV,,"[{""array_start"": 0, ""array_stop"": 1134, ""original_start"": 743, ""original_stop"": 1877}]",e77114cdf63bd286dc8e1094653df265cbd7065545162c4443bd3f6a9a4595dc,1662,unknown upstream script/policy
raw_sc,SC,SC:08,2,SC4082E0,/home/FA006/Desktop/Sleep_dl/SLeep_edf_fulldataset/physionet.org/files/sleep-edfx/1.0.0/sleep-cassette/SC4082E0-PSG.edf,50a97c156be1ba5af3383d50610c98d1c9610cd2adbf725f011fb11fcb5c4970,/home/FA006/Desktop/Sleep_dl/SLeep_edf_fulldataset/physionet.org/files/sleep-edfx/1.0.0/sleep-cassette/SC4082EP-Hypnogram.edf,6e51f4ff704d9d0d82fdfd0faf32fa746c596a7f9647708ca5e7a3c0736ac841,2634,original_raw_grid,,,,,,,,
edf20_npz,SC,SC:08,2,SC4082E0,/home/FA006/Desktop/Dimension/dataset/Preprocessed Sleep-EDF-20 dataset/SC4082E0.npz,15be534240568c2f223765047d91229a914a10ec012b66e595f36d302e0c3913,,,1054,all_epochs_waveform_verified,100.0,EEG Fpz-Cz,uV,,"[{""array_start"": 0, ""array_stop"": 1054, ""original_start"": 785, ""original_stop"": 1839}]",be6f0055711f164adfc00898b0366410b25d13fd2129587dfe191e8794153175,1580,unknown upstream script/policy
edf78_npz,SC,SC:08,2,SC4082E0,/home/FA006/Desktop/Dimension/dataset/Preprocessed Sleep-EDF-78 dataset/SC4082E0.npz,901dea6c54bf79a1732e42b0f3ddaa879a5ee7f85e9460d31b5b3ee00485ae3c,,,1054,all_epochs_waveform_verified,100.0,EEG Fpz-Cz,uV,,"[{""array_start"": 0, ""array_stop"": 1054, ""original_start"": 785, ""original_stop"": 1839}]",be6f0055711f164adfc00898b0366410b25d13fd2129587dfe191e8794153175,1580,unknown upstream script/policy
raw_sc,SC,SC:09,1,SC4091E0,/home/FA006/Desktop/Sleep_dl/SLeep_edf_fulldataset/physionet.org/files/sleep-edfx/1.0.0/sleep-cassette/SC4091E0-PSG.edf,db5ac16a5438a0ff1e67dbf4c729e3b42ffc131c3e586370c8f8297591960476,/home/FA006/Desktop/Sleep_dl/SLeep_edf_fulldataset/physionet.org/files/sleep-edfx/1.0.0/sleep-cassette/SC4091EC-Hypnogram.edf,6200f80f2314fc7aefc05c1c7a745776d2631f20115d818b6dcecae663c590d9,2732,original_raw_grid,,,,,,,,
edf20_npz,SC,SC:09,1,SC4091E0,/home/FA006/Desktop/Dimension/dataset/Preprocessed Sleep-EDF-20 dataset/SC4091E0.npz,503e3ac0400b69390e4421609e40c297232df73700377af9a8029ac5cc516c08,,,1132,all_epochs_waveform_verified,100.0,EEG Fpz-Cz,uV,,"[{""array_start"": 0, ""array_stop"": 224, ""original_start"": 745, ""original_stop"": 969}, {""array_start"": 224, ""array_stop"": 370, ""original_start"": 970, ""original_stop"": 1116}, {""array_start"": 370, ""array_stop"": 384, ""original_start"": 1118, ""original_stop"": 1132}, {""array_start"": 384, ""array_stop"": 420, ""original_start"": 1133, ""original_stop"": 1169}, {""array_start"": 420, ""array_stop"": 512, ""original_start"": 1170, ""original_stop"": 1262}, {""array_start"": 512, ""array_stop"": 522, ""original_start"": 1263, ""original_stop"": 1273}, {""array_start"": 522, ""array_stop"": 609, ""original_start"": 1274, ""original_stop"": 1361}, {""array_start"": 609, ""array_stop"": 635, ""original_start"": 1362, ""original_stop"": 1388}, {""array_start"": 635, ""array_stop"": 816, ""original_start"": 1389, ""original_stop"": 1570}, {""array_start"": 816, ""array_stop"": 991, ""original_start"": 1571, ""original_stop"": 1746}, {""array_start"": 991, ""array_stop"": 1132, ""original_start"": 1747, ""original_stop"": 1888}]",476d1d28053191d2059e2619c0bd428a6903d485f5ae32ed62654e8cb260fd1c,1600,unknown upstream script/policy
edf78_npz,SC,SC:09,1,SC4091E0,/home/FA006/Desktop/Dimension/dataset/Preprocessed Sleep-EDF-78 dataset/SC4091E0.npz,5256813deba0b56f06bdc31952552a07ebe59b2c37a7892515fa0643202b6916,,,1132,all_epochs_waveform_verified,100.0,EEG Fpz-Cz,uV,,"[{""array_start"": 0, ""array_stop"": 224, ""original_start"": 745, ""original_stop"": 969}, {""array_start"": 224, ""array_stop"": 370, ""original_start"": 970, ""original_stop"": 1116}, {""array_start"": 370, ""array_stop"": 384, ""original_start"": 1118, ""original_stop"": 1132}, {""array_start"": 384, ""array_stop"": 420, ""original_start"": 1133, ""original_stop"": 1169}, {""array_start"": 420, ""array_stop"": 512, ""original_start"": 1170, ""original_stop"": 1262}, {""array_start"": 512, ""array_stop"": 522, ""original_start"": 1263, ""original_stop"": 1273}, {""array_start"": 522, ""array_stop"": 609, ""original_start"": 1274, ""original_stop"": 1361}, {""array_start"": 609, ""array_stop"": 635, ""original_start"": 1362, ""original_stop"": 1388}, {""array_start"": 635, ""array_stop"": 816, ""original_start"": 1389, ""original_stop"": 1570}, {""array_start"": 816, ""array_stop"": 991, ""original_start"": 1571, ""original_stop"": 1746}, {""array_start"": 991, ""array_stop"": 1132, ""original_start"": 1747, ""original_stop"": 1888}]",476d1d28053191d2059e2619c0bd428a6903d485f5ae32ed62654e8cb260fd1c,1600,unknown upstream script/policy
raw_sc,SC,SC:09,2,SC4092E0,/home/FA006/Desktop/Sleep_dl/SLeep_edf_fulldataset/physionet.org/files/sleep-edfx/1.0.0/sleep-cassette/SC4092E0-PSG.edf,f7156e1468052f57ce9e4d5b9f378e792663f962805d6b754951139f484ddaff,/home/FA006/Desktop/Sleep_dl/SLeep_edf_fulldataset/physionet.org/files/sleep-edfx/1.0.0/sleep-cassette/SC4092EC-Hypnogram.edf,d8798c39a56fafbfbb54b371308e4f87913582666fabb3e4b8d765bf0fc4eb21,2858,original_raw_grid,,,,,,,,
edf20_npz,SC,SC:09,2,SC4092E0,/home/FA006/Desktop/Dimension/dataset/Preprocessed Sleep-EDF-20 dataset/SC4092E0.npz,89d042ab8e526677ddb3648e283f13c49218f92decd8bcf527546fe95095d7fd,,,1105,all_epochs_waveform_verified,100.0,EEG Fpz-Cz,uV,,"[{""array_start"": 0, ""array_stop"": 202, ""original_start"": 837, ""original_stop"": 1039}, {""array_start"": 202, ""array_stop"": 220, ""original_start"": 1040, ""original_stop"": 1058}, {""array_start"": 220, ""array_stop"": 315, ""original_start"": 1059, ""original_stop"": 1154}, {""array_start"": 315, ""array_stop"": 492, ""original_start"": 1155, ""original_stop"": 1332}, {""array_start"": 492, ""array_stop"": 661, ""original_start"": 1333, ""original_stop"": 1502}, {""array_start"": 661, ""array_stop"": 757, ""original_start"": 1503, ""original_stop"": 1599}, {""array_start"": 757, ""array_stop"": 776, ""original_start"": 1600, ""original_stop"": 1619}, {""array_start"": 776, ""array_stop"": 838, ""original_start"": 1620, ""original_stop"": 1682}, {""array_start"": 838, ""array_stop"": 870, ""original_start"": 1683, ""original_stop"": 1715}, {""array_start"": 870, ""array_stop"": 885, ""original_start"": 1716, ""original_stop"": 1731}, {""array_start"": 885, ""array_stop"": 943, ""original_start"": 1732, ""original_stop"": 1790}, {""array_start"": 943, ""array_stop"": 1045, ""original_start"": 1791, ""original_stop"": 1893}, {""array_start"": 1045, ""array_stop"": 1105, ""original_start"": 1894, ""original_stop"": 1954}]",c717516a3ddb6b26a4d183bbad2b21a153485a5496b6ae01f48db2a4fa8f6aa7,1753,unknown upstream script/policy
edf78_npz,SC,SC:09,2,SC4092E0,/home/FA006/Desktop/Dimension/dataset/Preprocessed Sleep-EDF-78 dataset/SC4092E0.npz,ca075ece9568365bd21d87e0f0bf7accadf1071b05895acc31e51657d8925cdb,,,1105,all_epochs_waveform_verified,100.0,EEG Fpz-Cz,uV,,"[{""array_start"": 0, ""array_stop"": 202, ""original_start"": 837, ""original_stop"": 1039}, {""array_start"": 202, ""array_stop"": 220, ""original_start"": 1040, ""original_stop"": 1058}, {""array_start"": 220, ""array_stop"": 315, ""original_start"": 1059, ""original_stop"": 1154}, {""array_start"": 315, ""array_stop"": 492, ""original_start"": 1155, ""original_stop"": 1332}, {""array_start"": 492, ""array_stop"": 661, ""original_start"": 1333, ""original_stop"": 1502}, {""array_start"": 661, ""array_stop"": 757, ""original_start"": 1503, ""original_stop"": 1599}, {""array_start"": 757, ""array_stop"": 776, ""original_start"": 1600, ""original_stop"": 1619}, {""array_start"": 776, ""array_stop"": 838, ""original_start"": 1620, ""original_stop"": 1682}, {""array_start"": 838, ""array_stop"": 870, ""original_start"": 1683, ""original_stop"": 1715}, {""array_start"": 870, ""array_stop"": 885, ""original_start"": 1716, ""original_stop"": 1731}, {""array_start"": 885, ""array_stop"": 943, ""original_start"": 1732, ""original_stop"": 1790}, {""array_start"": 943, ""array_stop"": 1045, ""original_start"": 1791, ""original_stop"": 1893}, {""array_start"": 1045, ""array_stop"": 1105, ""original_start"": 1894, ""original_stop"": 1954}]",c717516a3ddb6b26a4d183bbad2b21a153485a5496b6ae01f48db2a4fa8f6aa7,1753,unknown upstream script/policy
raw_sc,SC,SC:10,1,SC4101E0,/home/FA006/Desktop/Sleep_dl/SLeep_edf_fulldataset/physionet.org/files/sleep-edfx/1.0.0/sleep-cassette/SC4101E0-PSG.edf,90f0cb69b101e60f7ebc1d52216677a5aa420fbd2dce3909eaaca373d921a099,/home/FA006/Desktop/Sleep_dl/SLeep_edf_fulldataset/physionet.org/files/sleep-edfx/1.0.0/sleep-cassette/SC4101EC-Hypnogram.edf,1dc87ff1ee449fd66c3254df2073a66c4e1e902ec11143434a82db30eb1622d7,2720,original_raw_grid,,,,,,,,
edf20_npz,SC,SC:10,1,SC4101E0,/home/FA006/Desktop/Dimension/dataset/Preprocessed Sleep-EDF-20 dataset/SC4101E0.npz,f228e1e53839f74286367c1212f7240b5c7ee7c9b0c44a5971d105ddde31c872,,,1104,all_epochs_waveform_verified,100.0,EEG Fpz-Cz,uV,,"[{""array_start"": 0, ""array_stop"": 897, ""original_start"": 702, ""original_stop"": 1599}, {""array_start"": 897, ""array_stop"": 1104, ""original_start"": 1600, ""original_stop"": 1807}]",0292b47e4e7c99e1ac21e6344e50b5af7ee3666ebd0fca140ea662f0392135cf,1616,unknown upstream script/policy
edf78_npz,SC,SC:10,1,SC4101E0,/home/FA006/Desktop/Dimension/dataset/Preprocessed Sleep-EDF-78 dataset/SC4101E0.npz,23f288e8ae9910a9a12870958caaad34f7c89d972290a7dd4421ff08dc3e3d0a,,,1104,all_epochs_waveform_verified,100.0,EEG Fpz-Cz,uV,,"[{""array_start"": 0, ""array_stop"": 897, ""original_start"": 702, ""original_stop"": 1599}, {""array_start"": 897, ""array_stop"": 1104, ""original_start"": 1600, ""original_stop"": 1807}]",0292b47e4e7c99e1ac21e6344e50b5af7ee3666ebd0fca140ea662f0392135cf,1616,unknown upstream script/policy
raw_sc,SC,SC:10,2,SC4102E0,/home/FA006/Desktop/Sleep_dl/SLeep_edf_fulldataset/physionet.org/files/sleep-edfx/1.0.0/sleep-cassette/SC4102E0-PSG.edf,39f77131435557473aafaba59bf8f21c3d76886f570b1df5bfada40f0bb6f9af,/home/FA006/Desktop/Sleep_dl/SLeep_edf_fulldataset/physionet.org/files/sleep-edfx/1.0.0/sleep-cassette/SC4102EC-Hypnogram.edf,b87e8a1e4068d0f6784bfd36c5c6fefbf852418941ed6491e50d1ba4e2376f8e,2858,original_raw_grid,,,,,,,,
edf20_npz,SC,SC:10,2,SC4102E0,/home/FA006/Desktop/Dimension/dataset/Preprocessed Sleep-EDF-20 dataset/SC4102E0.npz,b4663dfc8e5d1b2b4afc9bbb8a91839a818edd8078438d69949e6de405f53c6c,,,1092,all_epochs_waveform_verified,100.0,EEG Fpz-Cz,uV,,"[{""array_start"": 0, ""array_stop"": 500, ""original_start"": 820, ""original_stop"": 1320}, {""array_start"": 500, ""array_stop"": 1092, ""original_start"": 1321, ""original_stop"": 1913}]",0930a8e3187eebb200e86cf4c150bb95cca2eb84db594b30256de919cd006025,1766,unknown upstream script/policy
edf78_npz,SC,SC:10,2,SC4102E0,/home/FA006/Desktop/Dimension/dataset/Preprocessed Sleep-EDF-78 dataset/SC4102E0.npz,fe772aa585f7f0a0460c45cd3ab734411320e004182c4455339cab7ebd60aa8e,,,1092,all_epochs_waveform_verified,100.0,EEG Fpz-Cz,uV,,"[{""array_start"": 0, ""array_stop"": 500, ""original_start"": 820, ""original_stop"": 1320}, {""array_start"": 500, ""array_stop"": 1092, ""original_start"": 1321, ""original_stop"": 1913}]",0930a8e3187eebb200e86cf4c150bb95cca2eb84db594b30256de919cd006025,1766,unknown upstream script/policy
raw_sc,SC,SC:11,1,SC4111E0,/home/FA006/Desktop/Sleep_dl/SLeep_edf_fulldataset/physionet.org/files/sleep-edfx/1.0.0/sleep-cassette/SC4111E0-PSG.edf,6bb1ba9fdf0bfab05aeba98edded640ce65a05d286115ceadb38dd8d4dfae0b8,/home/FA006/Desktop/Sleep_dl/SLeep_edf_fulldataset/physionet.org/files/sleep-edfx/1.0.0/sleep-cassette/SC4111EC-Hypnogram.edf,da132682072ae2998ef82d3737a3220685e2483b90cf7042ae819cce675cd6d6,2642,original_raw_grid,,,,,,,,
edf20_npz,SC,SC:11,1,SC4111E0,/home/FA006/Desktop/Dimension/dataset/Preprocessed Sleep-EDF-20 dataset/SC4111E0.npz,2193eb0103454e53b19020fadab5eda4b3eefb31a422a16a45317fcaad809eb9,,,928,all_epochs_waveform_verified,100.0,EEG Fpz-Cz,uV,,"[{""array_start"": 0, ""array_stop"": 299, ""original_start"": 875, ""original_stop"": 1174}, {""array_start"": 299, ""array_stop"": 928, ""original_start"": 1175, ""original_stop"": 1804}]",54ee1f8f838940e34123e3f6ed6353d40ec74785bd71955f4c55a2657b530420,1714,unknown upstream script/policy
edf78_npz,SC,SC:11,1,SC4111E0,/home/FA006/Desktop/Dimension/dataset/Preprocessed Sleep-EDF-78 dataset/SC4111E0.npz,894e435fae334bc1cb671772d363e401a368ac154f880d6e0b5e4db1d864136a,,,928,all_epochs_waveform_verified,100.0,EEG Fpz-Cz,uV,,"[{""array_start"": 0, ""array_stop"": 299, ""original_start"": 875, ""original_stop"": 1174}, {""array_start"": 299, ""array_stop"": 928, ""original_start"": 1175, ""original_stop"": 1804}]",54ee1f8f838940e34123e3f6ed6353d40ec74785bd71955f4c55a2657b530420,1714,unknown upstream script/policy
raw_sc,SC,SC:11,2,SC4112E0,/home/FA006/Desktop/Sleep_dl/SLeep_edf_fulldataset/physionet.org/files/sleep-edfx/1.0.0/sleep-cassette/SC4112E0-PSG.edf,a255c27825e388c0c309a92e23fa94931dbaa6dffbdb1f49988ce46106e99b70,/home/FA006/Desktop/Sleep_dl/SLeep_edf_fulldataset/physionet.org/files/sleep-edfx/1.0.0/sleep-cassette/SC4112EC-Hypnogram.edf,fbba528361798834f24b7476672ef4958cb695ff9d17c6ea48117c266491a3d3,2780,original_raw_grid,,,,,,,,
edf20_npz,SC,SC:11,2,SC4112E0,/home/FA006/Desktop/Dimension/dataset/Preprocessed Sleep-EDF-20 dataset/SC4112E0.npz,59446cc88ff4f9f70bba882d03f9a73b942269b2fcd5ab07f44d2e49f1d6cfa4,,,802,all_epochs_waveform_verified,100.0,EEG Fpz-Cz,uV,,"[{""array_start"": 0, ""array_stop"": 802, ""original_start"": 1135, ""original_stop"": 1937}]",7e7fa19b77925dfc8a68f27932b2691957be527efa35ab01bd4191d24649bb51,1978,unknown upstream script/policy
edf78_npz,SC,SC:11,2,SC4112E0,/home/FA006/Desktop/Dimension/dataset/Preprocessed Sleep-EDF-78 dataset/SC4112E0.npz,7c3ac57bd7a2c7f4771e2fa291fa146058a37718bbe3d423e679aa277c606e55,,,802,all_epochs_waveform_verified,100.0,EEG Fpz-Cz,uV,,"[{""array_start"": 0, ""array_stop"": 802, ""original_start"": 1135, ""original_stop"": 1937}]",7e7fa19b77925dfc8a68f27932b2691957be527efa35ab01bd4191d24649bb51,1978,unknown upstream script/policy
raw_sc,SC,SC:12,1,SC4121E0,/home/FA006/Desktop/Sleep_dl/SLeep_edf_fulldataset/physionet.org/files/sleep-edfx/1.0.0/sleep-cassette/SC4121E0-PSG.edf,2453150077736b8f4817bb5c20e58d6160fc6cd9e8e47531982847a71c9be4e0,/home/FA006/Desktop/Sleep_dl/SLeep_edf_fulldataset/physionet.org/files/sleep-edfx/1.0.0/sleep-cassette/SC4121EC-Hypnogram.edf,ad90e2e20a9ee3d61e8434f2c2efab49583b31c6ed8350157535a5cb085c88ad,2786,original_raw_grid,,,,,,,,
edf20_npz,SC,SC:12,1,SC4121E0,/home/FA006/Desktop/Dimension/dataset/Preprocessed Sleep-EDF-20 dataset/SC4121E0.npz,76c04afa51fe8295e20aff2745a0e0c3eae80fc172e69d7e6b4910dc0557f401,,,1052,all_epochs_waveform_verified,100.0,EEG Fpz-Cz,uV,,"[{""array_start"": 0, ""array_stop"": 1052, ""original_start"": 902, ""original_stop"": 1954}]",70136362900ef5f4fb1739de4e19b3599a2a120e33c3549edd59ad2eb6c0f1f4,1734,unknown upstream script/policy
edf78_npz,SC,SC:12,1,SC4121E0,/home/FA006/Desktop/Dimension/dataset/Preprocessed Sleep-EDF-78 dataset/SC4121E0.npz,8be7c45323323f6010656f1f9ad9608f08c1b63e9e4686c6d2356d3602f44bd7,,,1052,all_epochs_waveform_verified,100.0,EEG Fpz-Cz,uV,,"[{""array_start"": 0, ""array_stop"": 1052, ""original_start"": 902, ""original_stop"": 1954}]",70136362900ef5f4fb1739de4e19b3599a2a120e33c3549edd59ad2eb6c0f1f4,1734,unknown upstream script/policy
raw_sc,SC,SC:12,2,SC4122E0,/home/FA006/Desktop/Sleep_dl/SLeep_edf_fulldataset/physionet.org/files/sleep-edfx/1.0.0/sleep-cassette/SC4122E0-PSG.edf,d73a3d5eeb27ca58b0481fe5b821e3661ac8118943918bb450fcda5b9426b219,/home/FA006/Desktop/Sleep_dl/SLeep_edf_fulldataset/physionet.org/files/sleep-edfx/1.0.0/sleep-cassette/SC4122EV-Hypnogram.edf,47a19bf81c9bb6d16afc8f3f7296324420d07bd144372abb97e7aac5637a093c,2606,original_raw_grid,,,,,,,,
edf20_npz,SC,SC:12,2,SC4122E0,/home/FA006/Desktop/Dimension/dataset/Preprocessed Sleep-EDF-20 dataset/SC4122E0.npz,ac7a7b93a41ef6fde9f9a944aeba793d685b680b6456345ee169f44d138e824a,,,977,all_epochs_waveform_verified,100.0,EEG Fpz-Cz,uV,,"[{""array_start"": 0, ""array_stop"": 977, ""original_start"": 1054, ""original_stop"": 2031}]",d1463058ce77e3ee6f951a4dc661bbeff39cac6c69e75d67f58ef5825a14b99b,1629,unknown upstream script/policy
edf78_npz,SC,SC:12,2,SC4122E0,/home/FA006/Desktop/Dimension/dataset/Preprocessed Sleep-EDF-78 dataset/SC4122E0.npz,35ab13b2c9d29b11d5a53e706c9c41c489a28761e05104e87b30d4eb42e98dee,,,977,all_epochs_waveform_verified,100.0,EEG Fpz-Cz,uV,,"[{""array_start"": 0, ""array_stop"": 977, ""original_start"": 1054, ""original_stop"": 2031}]",d1463058ce77e3ee6f951a4dc661bbeff39cac6c69e75d67f58ef5825a14b99b,1629,unknown upstream script/policy
raw_sc,SC,SC:13,1,SC4131E0,/home/FA006/Desktop/Sleep_dl/SLeep_edf_fulldataset/physionet.org/files/sleep-edfx/1.0.0/sleep-cassette/SC4131E0-PSG.edf,443586b0f2c620d073405b938314357eb33ef1a03eb0eca36b6d1861f31d8665,/home/FA006/Desktop/Sleep_dl/SLeep_edf_fulldataset/physionet.org/files/sleep-edfx/1.0.0/sleep-cassette/SC4131EC-Hypnogram.edf,d724153bfa0c4267ced28cc975025e5674e13e2ce4e1f751cad6a30e549f9232,2814,original_raw_grid,,,,,,,,
edf20_npz,SC,SC:13,1,SC4131E0,/home/FA006/Desktop/Dimension/dataset/Preprocessed Sleep-EDF-20 dataset/SC4131E0.npz,2d57af65fa4a4d868a91d0e318ea7304b2f7d1cd6ab446f3cf49f037099c4433,,,1028,all_epochs_waveform_verified,100.0,EEG Fpz-Cz,uV,,"[{""array_start"": 0, ""array_stop"": 1028, ""original_start"": 902, ""original_stop"": 1930}]",8677c2598366b2aeddf6daac8d437dff92ba9db97a053b03ce81eeddb398003c,1786,unknown upstream script/policy
edf78_npz,SC,SC:13,1,SC4131E0,/home/FA006/Desktop/Dimension/dataset/Preprocessed Sleep-EDF-78 dataset/SC4131E0.npz,df304aa805f9f69765801914e6d8293cb34f0b986f6e6b5d7a3677d2e03279df,,,1028,all_epochs_waveform_verified,100.0,EEG Fpz-Cz,uV,,"[{""array_start"": 0, ""array_stop"": 1028, ""original_start"": 902, ""original_stop"": 1930}]",8677c2598366b2aeddf6daac8d437dff92ba9db97a053b03ce81eeddb398003c,1786,unknown upstream script/policy
raw_sc,SC,SC:14,1,SC4141E0,/home/FA006/Desktop/Sleep_dl/SLeep_edf_fulldataset/physionet.org/files/sleep-edfx/1.0.0/sleep-cassette/SC4141E0-PSG.edf,eb14f483f5675798fdda51954d6914c9442884cda02cebb6af44c96ac3cd12e5,/home/FA006/Desktop/Sleep_dl/SLeep_edf_fulldataset/physionet.org/files/sleep-edfx/1.0.0/sleep-cassette/SC4141EU-Hypnogram.edf,1e8dc03d9a2159752db262cc5ef1b3140f147445de969b9820292eb3861e2b32,2756,original_raw_grid,,,,,,,,
edf20_npz,SC,SC:14,1,SC4141E0,/home/FA006/Desktop/Dimension/dataset/Preprocessed Sleep-EDF-20 dataset/SC4141E0.npz,d09829a4e171e2d4125452820a2380276f51245c592cc73f32bf84124a4a12de,,,1004,all_epochs_waveform_verified,100.0,EEG Fpz-Cz,uV,,"[{""array_start"": 0, ""array_stop"": 1004, ""original_start"": 778, ""original_stop"": 1782}]",f978359dad9b21f2b254ab7fbd362106d21f404fa1c09929472386f27cbed1e2,1752,unknown upstream script/policy
edf78_npz,SC,SC:14,1,SC4141E0,/home/FA006/Desktop/Dimension/dataset/Preprocessed Sleep-EDF-78 dataset/SC4141E0.npz,11d3ba73573e78786d19ad55eff73ffbe824fa9a7f2838116d82bfa1f23bab15,,,1004,all_epochs_waveform_verified,100.0,EEG Fpz-Cz,uV,,"[{""array_start"": 0, ""array_stop"": 1004, ""original_start"": 778, ""original_stop"": 1782}]",f978359dad9b21f2b254ab7fbd362106d21f404fa1c09929472386f27cbed1e2,1752,unknown upstream script/policy
raw_sc,SC,SC:14,2,SC4142E0,/home/FA006/Desktop/Sleep_dl/SLeep_edf_fulldataset/physionet.org/files/sleep-edfx/1.0.0/sleep-cassette/SC4142E0-PSG.edf,82c964718136068b1c477caef3cb5476662f67fc2677019335ae7c5548e9804c,/home/FA006/Desktop/Sleep_dl/SLeep_edf_fulldataset/physionet.org/files/sleep-edfx/1.0.0/sleep-cassette/SC4142EU-Hypnogram.edf,a0e130492b73876fd7cb6a1607a9f83dea31428e14fbba6ebcf28a771aecf3bb,2774,original_raw_grid,,,,,,,,
edf20_npz,SC,SC:14,2,SC4142E0,/home/FA006/Desktop/Dimension/dataset/Preprocessed Sleep-EDF-20 dataset/SC4142E0.npz,9c3def6efe3ffac965189175d967f0ea2e5663a5784a4df8f8548e1e25479e44,,,952,all_epochs_waveform_verified,100.0,EEG Fpz-Cz,uV,,"[{""array_start"": 0, ""array_stop"": 952, ""original_start"": 893, ""original_stop"": 1845}]",aaddd26cd6796e758d2246defba630c033172bc22a270985517d2cdcc7bb7863,1822,unknown upstream script/policy
edf78_npz,SC,SC:14,2,SC4142E0,/home/FA006/Desktop/Dimension/dataset/Preprocessed Sleep-EDF-78 dataset/SC4142E0.npz,41e8ef38ee01a39ab03cae5a31659bfd613536b143d5db01cfdbcedf23cc27ff,,,952,all_epochs_waveform_verified,100.0,EEG Fpz-Cz,uV,,"[{""array_start"": 0, ""array_stop"": 952, ""original_start"": 893, ""original_stop"": 1845}]",aaddd26cd6796e758d2246defba630c033172bc22a270985517d2cdcc7bb7863,1822,unknown upstream script/policy
raw_sc,SC,SC:15,1,SC4151E0,/home/FA006/Desktop/Sleep_dl/SLeep_edf_fulldataset/physionet.org/files/sleep-edfx/1.0.0/sleep-cassette/SC4151E0-PSG.edf,e2d4dda6a1aa7b58394e102e44ba03924f14f4a19bdff1808d96e0d09fd0f74e,/home/FA006/Desktop/Sleep_dl/SLeep_edf_fulldataset/physionet.org/files/sleep-edfx/1.0.0/sleep-cassette/SC4151EC-Hypnogram.edf,72e8bf03e6400baac7af5980c340450ebe59a97fca1f5f7ddbe1c94464ddfbf9,2620,original_raw_grid,,,,,,,,
edf20_npz,SC,SC:15,1,SC4151E0,/home/FA006/Desktop/Dimension/dataset/Preprocessed Sleep-EDF-20 dataset/SC4151E0.npz,90d72ddde5c9d5d371af39d9b917481fd93bef73984334a92174455dab0400b0,,,952,all_epochs_waveform_verified,100.0,EEG Fpz-Cz,uV,,"[{""array_start"": 0, ""array_stop"": 82, ""original_start"": 834, ""original_stop"": 916}, {""array_start"": 82, ""array_stop"": 189, ""original_start"": 917, ""original_stop"": 1024}, {""array_start"": 189, ""array_stop"": 436, ""original_start"": 1025, ""original_stop"": 1272}, {""array_start"": 436, ""array_stop"": 799, ""original_start"": 1273, ""original_stop"": 1636}, {""array_start"": 799, ""array_stop"": 952, ""original_start"": 1637, ""original_stop"": 1790}]",437c8e819cad204d7867b304c5de59b0a06d0cb8403760d1826a7ea3deaceee9,1668,unknown upstream script/policy
edf78_npz,SC,SC:15,1,SC4151E0,/home/FA006/Desktop/Dimension/dataset/Preprocessed Sleep-EDF-78 dataset/SC4151E0.npz,919f7662f51b820ef1e732a974a8d3cd3668abf28afdb2620be2d8ff5b461fd2,,,952,all_epochs_waveform_verified,100.0,EEG Fpz-Cz,uV,,"[{""array_start"": 0, ""array_stop"": 82, ""original_start"": 834, ""original_stop"": 916}, {""array_start"": 82, ""array_stop"": 189, ""original_start"": 917, ""original_stop"": 1024}, {""array_start"": 189, ""array_stop"": 436, ""original_start"": 1025, ""original_stop"": 1272}, {""array_start"": 436, ""array_stop"": 799, ""original_start"": 1273, ""original_stop"": 1636}, {""array_start"": 799, ""array_stop"": 952, ""original_start"": 1637, ""original_stop"": 1790}]",437c8e819cad204d7867b304c5de59b0a06d0cb8403760d1826a7ea3deaceee9,1668,unknown upstream script/policy
raw_sc,SC,SC:15,2,SC4152E0,/home/FA006/Desktop/Sleep_dl/SLeep_edf_fulldataset/physionet.org/files/sleep-edfx/1.0.0/sleep-cassette/SC4152E0-PSG.edf,936ef842d001ae64e5b85c542435b1c79856391059ab7dd375205afffa818660,/home/FA006/Desktop/Sleep_dl/SLeep_edf_fulldataset/physionet.org/files/sleep-edfx/1.0.0/sleep-cassette/SC4152EC-Hypnogram.edf,299112b745b5caf02a95ea00c7cc0b007c0f6fe5ce317d2d52d77011bc16f095,2864,original_raw_grid,,,,,,,,
edf20_npz,SC,SC:15,2,SC4152E0,/home/FA006/Desktop/Dimension/dataset/Preprocessed Sleep-EDF-20 dataset/SC4152E0.npz,ed25e307970e8dfece45e762f8b02d36cc67f78c7e102221def9e9b743809e41,,,1762,all_epochs_waveform_verified,100.0,EEG Fpz-Cz,uV,,"[{""array_start"": 0, ""array_stop"": 932, ""original_start"": 285, ""original_stop"": 1217}, {""array_start"": 932, ""array_stop"": 962, ""original_start"": 1218, ""original_stop"": 1248}, {""array_start"": 962, ""array_stop"": 1304, ""original_start"": 1249, ""original_stop"": 1591}, {""array_start"": 1304, ""array_stop"": 1529, ""original_start"": 1592, ""original_stop"": 1817}, {""array_start"": 1529, ""array_stop"": 1592, ""original_start"": 1818, ""original_stop"": 1881}, {""array_start"": 1592, ""array_stop"": 1762, ""original_start"": 1882, ""original_stop"": 2052}]",d9eee6e86d6d84017f2ce13e20171d809af39e58cda56f18c18d5834edf0f6ee,1102,unknown upstream script/policy
edf78_npz,SC,SC:15,2,SC4152E0,/home/FA006/Desktop/Dimension/dataset/Preprocessed Sleep-EDF-78 dataset/SC4152E0.npz,a031defa2fc2e755e6db3a524b47a1d7f266dd10254a451ca5a41a45d16d04f6,,,1762,all_epochs_waveform_verified,100.0,EEG Fpz-Cz,uV,,"[{""array_start"": 0, ""array_stop"": 932, ""original_start"": 285, ""original_stop"": 1217}, {""array_start"": 932, ""array_stop"": 962, ""original_start"": 1218, ""original_stop"": 1248}, {""array_start"": 962, ""array_stop"": 1304, ""original_start"": 1249, ""original_stop"": 1591}, {""array_start"": 1304, ""array_stop"": 1529, ""original_start"": 1592, ""original_stop"": 1817}, {""array_start"": 1529, ""array_stop"": 1592, ""original_start"": 1818, ""original_stop"": 1881}, {""array_start"": 1592, ""array_stop"": 1762, ""original_start"": 1882, ""original_stop"": 2052}]",d9eee6e86d6d84017f2ce13e20171d809af39e58cda56f18c18d5834edf0f6ee,1102,unknown upstream script/policy
raw_sc,SC,SC:16,1,SC4161E0,/home/FA006/Desktop/Sleep_dl/SLeep_edf_fulldataset/physionet.org/files/sleep-edfx/1.0.0/sleep-cassette/SC4161E0-PSG.edf,60a3e257b0dd97893415fa46c79c2ffad63d37445f3b6e0e0b0f67b5e71eeee6,/home/FA006/Desktop/Sleep_dl/SLeep_edf_fulldataset/physionet.org/files/sleep-edfx/1.0.0/sleep-cassette/SC4161EC-Hypnogram.edf,407ff5ffa150e618c90ab27dc64e459312b6a05352fd7c39b98cc2d34fc7846f,2626,original_raw_grid,,,,,,,,
edf20_npz,SC,SC:16,1,SC4161E0,/home/FA006/Desktop/Dimension/dataset/Preprocessed Sleep-EDF-20 dataset/SC4161E0.npz,4404db438dc06081e68e18fedb26f636d9cbfadaefdbc07c20e1c873ab4141b6,,,1144,all_epochs_waveform_verified,100.0,EEG Fpz-Cz,uV,,"[{""array_start"": 0, ""array_stop"": 256, ""original_start"": 683, ""original_stop"": 939}, {""array_start"": 256, ""array_stop"": 611, ""original_start"": 940, ""original_stop"": 1295}, {""array_start"": 611, ""array_stop"": 1030, ""original_start"": 1297, ""original_stop"": 1716}, {""array_start"": 1030, ""array_stop"": 1079, ""original_start"": 1717, ""original_stop"": 1766}, {""array_start"": 1079, ""array_stop"": 1144, ""original_start"": 1767, ""original_stop"": 1832}]",f981091361119eb2939b807d2fe4574c15cf6c6932959e28ab93908b67b95cf8,1482,unknown upstream script/policy
edf78_npz,SC,SC:16,1,SC4161E0,/home/FA006/Desktop/Dimension/dataset/Preprocessed Sleep-EDF-78 dataset/SC4161E0.npz,c8eddba8b98e0cf8b96134d2153942156fb70d05428471140781bc3810e4f130,,,1144,all_epochs_waveform_verified,100.0,EEG Fpz-Cz,uV,,"[{""array_start"": 0, ""array_stop"": 256, ""original_start"": 683, ""original_stop"": 939}, {""array_start"": 256, ""array_stop"": 611, ""original_start"": 940, ""original_stop"": 1295}, {""array_start"": 611, ""array_stop"": 1030, ""original_start"": 1297, ""original_stop"": 1716}, {""array_start"": 1030, ""array_stop"": 1079, ""original_start"": 1717, ""original_stop"": 1766}, {""array_start"": 1079, ""array_stop"": 1144, ""original_start"": 1767, ""original_stop"": 1832}]",f981091361119eb2939b807d2fe4574c15cf6c6932959e28ab93908b67b95cf8,1482,unknown upstream script/policy
raw_sc,SC,SC:16,2,SC4162E0,/home/FA006/Desktop/Sleep_dl/SLeep_edf_fulldataset/physionet.org/files/sleep-edfx/1.0.0/sleep-cassette/SC4162E0-PSG.edf,1e31f71efcd3956d93f48c3102c847badc648198cb45e9c3f621d491ffd42287,/home/FA006/Desktop/Sleep_dl/SLeep_edf_fulldataset/physionet.org/files/sleep-edfx/1.0.0/sleep-cassette/SC4162EC-Hypnogram.edf,a2c9b668ff1a85d607e49ea092f8def51f9c139d4add01b0033dccdcf09c01ba,2752,original_raw_grid,,,,,,,,
edf20_npz,SC,SC:16,2,SC4162E0,/home/FA006/Desktop/Dimension/dataset/Preprocessed Sleep-EDF-20 dataset/SC4162E0.npz,aced58a718077f81c0e6706cfb4fff5013d3f48bf38540da73b2234db52399a8,,,1003,all_epochs_waveform_verified,100.0,EEG Fpz-Cz,uV,,"[{""array_start"": 0, ""array_stop"": 286, ""original_start"": 990, ""original_stop"": 1276}, {""array_start"": 286, ""array_stop"": 333, ""original_start"": 1277, ""original_stop"": 1324}, {""array_start"": 333, ""array_stop"": 1003, ""original_start"": 1325, ""original_stop"": 1995}]",d6c0722386f78a615d49cc3734d8b8115f89bd34e6e1e5382d9822a2a8a58efc,1749,unknown upstream script/policy
edf78_npz,SC,SC:16,2,SC4162E0,/home/FA006/Desktop/Dimension/dataset/Preprocessed Sleep-EDF-78 dataset/SC4162E0.npz,02e371cc28a7c9f541d93e763821ce139414e14c9ac9ccb51e080c74c154794f,,,1003,all_epochs_waveform_verified,100.0,EEG Fpz-Cz,uV,,"[{""array_start"": 0, ""array_stop"": 286, ""original_start"": 990, ""original_stop"": 1276}, {""array_start"": 286, ""array_stop"": 333, ""original_start"": 1277, ""original_stop"": 1324}, {""array_start"": 333, ""array_stop"": 1003, ""original_start"": 1325, ""original_stop"": 1995}]",d6c0722386f78a615d49cc3734d8b8115f89bd34e6e1e5382d9822a2a8a58efc,1749,unknown upstream script/policy
raw_sc,SC,SC:17,1,SC4171E0,/home/FA006/Desktop/Sleep_dl/SLeep_edf_fulldataset/physionet.org/files/sleep-edfx/1.0.0/sleep-cassette/SC4171E0-PSG.edf,01acc3f69ecf38052eac9bc04b0e8154010e111de707aeda3fd40af6a5267ae8,/home/FA006/Desktop/Sleep_dl/SLeep_edf_fulldataset/physionet.org/files/sleep-edfx/1.0.0/sleep-cassette/SC4171EU-Hypnogram.edf,648653db6ced819f659c8cb3cbd3952a60cac1705b87209fd033268b6b38b749,2742,original_raw_grid,,,,,,,,
edf20_npz,SC,SC:17,1,SC4171E0,/home/FA006/Desktop/Dimension/dataset/Preprocessed Sleep-EDF-20 dataset/SC4171E0.npz,4888a982a63484a102768731100d82d216a5f5eb40bd9af25545b121b5dc3c55,,,1002,all_epochs_waveform_verified,100.0,EEG Fpz-Cz,uV,,"[{""array_start"": 0, ""array_stop"": 195, ""original_start"": 907, ""original_stop"": 1102}, {""array_start"": 195, ""array_stop"": 1002, ""original_start"": 1103, ""original_stop"": 1910}]",3905f5fb4eaf64e13b9881676218852d8abbab89dcb377fceb46915e97b0ebe8,1740,unknown upstream script/policy
edf78_npz,SC,SC:17,1,SC4171E0,/home/FA006/Desktop/Dimension/dataset/Preprocessed Sleep-EDF-78 dataset/SC4171E0.npz,db596bc4ba0b3304f05d24b6c6048c1448bc94388ce72f3297b0839ff1a7efde,,,1002,all_epochs_waveform_verified,100.0,EEG Fpz-Cz,uV,,"[{""array_start"": 0, ""array_stop"": 195, ""original_start"": 907, ""original_stop"": 1102}, {""array_start"": 195, ""array_stop"": 1002, ""original_start"": 1103, ""original_stop"": 1910}]",3905f5fb4eaf64e13b9881676218852d8abbab89dcb377fceb46915e97b0ebe8,1740,unknown upstream script/policy
raw_sc,SC,SC:17,2,SC4172E0,/home/FA006/Desktop/Sleep_dl/SLeep_edf_fulldataset/physionet.org/files/sleep-edfx/1.0.0/sleep-cassette/SC4172E0-PSG.edf,16bc7ac608ec6c3ee0525f8edae17ecb79a940a0734031312712bd0feafc1755,/home/FA006/Desktop/Sleep_dl/SLeep_edf_fulldataset/physionet.org/files/sleep-edfx/1.0.0/sleep-cassette/SC4172EC-Hypnogram.edf,77dd452951e38478a061d5c7f03528670e8eb943091856db3b86ac690229af5f,2724,original_raw_grid,,,,,,,,
edf20_npz,SC,SC:17,2,SC4172E0,/home/FA006/Desktop/Dimension/dataset/Preprocessed Sleep-EDF-20 dataset/SC4172E0.npz,3d7db57f3eb84a46387198af4ff58beb52a1cb58ee3971fc2549a49c0278683d,,,1773,all_epochs_waveform_verified,100.0,EEG Fpz-Cz,uV,,"[{""array_start"": 0, ""array_stop"": 910, ""original_start"": 282, ""original_stop"": 1192}, {""array_start"": 910, ""array_stop"": 967, ""original_start"": 1193, ""original_stop"": 1250}, {""array_start"": 967, ""array_stop"": 1371, ""original_start"": 1252, ""original_stop"": 1656}, {""array_start"": 1371, ""array_stop"": 1773, ""original_start"": 1657, ""original_stop"": 2059}]",719b403cd6cbd0bccead2a7fbbcfe3468de16b4e3b09e98d6de9200379ad7df7,951,unknown upstream script/policy
edf78_npz,SC,SC:17,2,SC4172E0,/home/FA006/Desktop/Dimension/dataset/Preprocessed Sleep-EDF-78 dataset/SC4172E0.npz,6af497b3a4881630bd67f8900c1bcc10203a4be13d2f5b2e270305d48ba05e5b,,,1773,all_epochs_waveform_verified,100.0,EEG Fpz-Cz,uV,,"[{""array_start"": 0, ""array_stop"": 910, ""original_start"": 282, ""original_stop"": 1192}, {""array_start"": 910, ""array_stop"": 967, ""original_start"": 1193, ""original_stop"": 1250}, {""array_start"": 967, ""array_stop"": 1371, ""original_start"": 1252, ""original_stop"": 1656}, {""array_start"": 1371, ""array_stop"": 1773, ""original_start"": 1657, ""original_stop"": 2059}]",719b403cd6cbd0bccead2a7fbbcfe3468de16b4e3b09e98d6de9200379ad7df7,951,unknown upstream script/policy
raw_sc,SC,SC:18,1,SC4181E0,/home/FA006/Desktop/Sleep_dl/SLeep_edf_fulldataset/physionet.org/files/sleep-edfx/1.0.0/sleep-cassette/SC4181E0-PSG.edf,f98d5e2c97aa99c57adc886445c23d52dc97541f2b2f84efbc08afb86b7adba5,/home/FA006/Desktop/Sleep_dl/SLeep_edf_fulldataset/physionet.org/files/sleep-edfx/1.0.0/sleep-cassette/SC4181EC-Hypnogram.edf,9091676b473587c7ec9d35d64464cc0ad3890b6b010418b62aa00d8b6801c5c1,2756,original_raw_grid,,,,,,,,
edf20_npz,SC,SC:18,1,SC4181E0,/home/FA006/Desktop/Dimension/dataset/Preprocessed Sleep-EDF-20 dataset/SC4181E0.npz,c9e29a142db297ee52d22254cbbd1786af379acd6ea6c8d5d83eac2e450093d0,,,964,all_epochs_waveform_verified,100.0,EEG Fpz-Cz,uV,,"[{""array_start"": 0, ""array_stop"": 964, ""original_start"": 836, ""original_stop"": 1800}]",68cd34bde3dface602b23d9e1fd172bde2d38191fd6f638133b8ce5a5f600626,1792,unknown upstream script/policy
edf78_npz,SC,SC:18,1,SC4181E0,/home/FA006/Desktop/Dimension/dataset/Preprocessed Sleep-EDF-78 dataset/SC4181E0.npz,f5bf6a1f8d005a52e54e706916e9a44fc7b3f801b60be8ede7a95a63ccb6f171,,,964,all_epochs_waveform_verified,100.0,EEG Fpz-Cz,uV,,"[{""array_start"": 0, ""array_stop"": 964, ""original_start"": 836, ""original_stop"": 1800}]",68cd34bde3dface602b23d9e1fd172bde2d38191fd6f638133b8ce5a5f600626,1792,unknown upstream script/policy
raw_sc,SC,SC:18,2,SC4182E0,/home/FA006/Desktop/Sleep_dl/SLeep_edf_fulldataset/physionet.org/files/sleep-edfx/1.0.0/sleep-cassette/SC4182E0-PSG.edf,c0a059d973b6f414eeb56cf0a06f7cb223c15a3d9caa97c0f02038137fd18606,/home/FA006/Desktop/Sleep_dl/SLeep_edf_fulldataset/physionet.org/files/sleep-edfx/1.0.0/sleep-cassette/SC4182EC-Hypnogram.edf,07b098b1d478ff8352d0061cdd122e1b5ab0cecf55444a334e4b1c208c79d602,2842,original_raw_grid,,,,,,,,
edf20_npz,SC,SC:18,2,SC4182E0,/home/FA006/Desktop/Dimension/dataset/Preprocessed Sleep-EDF-20 dataset/SC4182E0.npz,51581ccc0d985ba6e39f627b3bcd1598858aabe4dab607f644cd66ad4e0317f0,,,920,all_epochs_waveform_verified,100.0,EEG Fpz-Cz,uV,,"[{""array_start"": 0, ""array_stop"": 920, ""original_start"": 953, ""original_stop"": 1873}]",a9d2e427c6243a45e88e79ae5e7c4168362d2b1ff4f2e84f0b6e460cc48508d9,1922,unknown upstream script/policy
edf78_npz,SC,SC:18,2,SC4182E0,/home/FA006/Desktop/Dimension/dataset/Preprocessed Sleep-EDF-78 dataset/SC4182E0.npz,033ca7080c0817ebb82e77b33cea01a1f9a951588befa5f343d616a875a943b4,,,920,all_epochs_waveform_verified,100.0,EEG Fpz-Cz,uV,,"[{""array_start"": 0, ""array_stop"": 920, ""original_start"": 953, ""original_stop"": 1873}]",a9d2e427c6243a45e88e79ae5e7c4168362d2b1ff4f2e84f0b6e460cc48508d9,1922,unknown upstream script/policy
raw_sc,SC,SC:19,1,SC4191E0,/home/FA006/Desktop/Sleep_dl/SLeep_edf_fulldataset/physionet.org/files/sleep-edfx/1.0.0/sleep-cassette/SC4191E0-PSG.edf,b3d8e9d75fa2f54b1aa1dc936b482733e70bdd5b9f0a5809edf57c7ce4c406e2,/home/FA006/Desktop/Sleep_dl/SLeep_edf_fulldataset/physionet.org/files/sleep-edfx/1.0.0/sleep-cassette/SC4191EP-Hypnogram.edf,bf48c5ddcb7a7e8eff489f273e9d3ffe38f693af0843b727df962572a47a3e24,2774,original_raw_grid,,,,,,,,
edf20_npz,SC,SC:19,1,SC4191E0,/home/FA006/Desktop/Dimension/dataset/Preprocessed Sleep-EDF-20 dataset/SC4191E0.npz,ac84a3e4494ad4a43c5132a008fcfca460cd5a485eef1ac8c6cb6e45f4093e9a,,,1535,all_epochs_waveform_verified,100.0,EEG Fpz-Cz,uV,,"[{""array_start"": 0, ""array_stop"": 1535, ""original_start"": 1114, ""original_stop"": 2649}]",10fd8514451aa3a8f48a9fa8ea9d63078e9162dcfc554945c2f130bf92078352,1239,unknown upstream script/policy
edf78_npz,SC,SC:19,1,SC4191E0,/home/FA006/Desktop/Dimension/dataset/Preprocessed Sleep-EDF-78 dataset/SC4191E0.npz,f8105648b961c53dc9a094f25326741eab8e42bd9f405f8f1ba343e59c6500d3,,,1535,all_epochs_waveform_verified,100.0,EEG Fpz-Cz,uV,,"[{""array_start"": 0, ""array_stop"": 1535, ""original_start"": 1114, ""original_stop"": 2649}]",10fd8514451aa3a8f48a9fa8ea9d63078e9162dcfc554945c2f130bf92078352,1239,unknown upstream script/policy
raw_sc,SC,SC:19,2,SC4192E0,/home/FA006/Desktop/Sleep_dl/SLeep_edf_fulldataset/physionet.org/files/sleep-edfx/1.0.0/sleep-cassette/SC4192E0-PSG.edf,5ef27675d0844242a36c1760f731ae16b75352a16c2f93bbd62eea9cbc22cb0e,/home/FA006/Desktop/Sleep_dl/SLeep_edf_fulldataset/physionet.org/files/sleep-edfx/1.0.0/sleep-cassette/SC4192EV-Hypnogram.edf,59bd5ea5c5a74356a284fab834e4e8130e7b95b37566419cc8de057594dc0474,2610,original_raw_grid,,,,,,,,
edf20_npz,SC,SC:19,2,SC4192E0,/home/FA006/Desktop/Dimension/dataset/Preprocessed Sleep-EDF-20 dataset/SC4192E0.npz,5bb345dee2f46d1fef74b777bc4d965243fc7422e14c08efa05b08ea4e7517d0,,,1274,all_epochs_waveform_verified,100.0,EEG Fpz-Cz,uV,,"[{""array_start"": 0, ""array_stop"": 816, ""original_start"": 1250, ""original_stop"": 2066}, {""array_start"": 816, ""array_stop"": 830, ""original_start"": 2068, ""original_stop"": 2082}, {""array_start"": 830, ""array_stop"": 925, ""original_start"": 2083, ""original_stop"": 2178}, {""array_start"": 925, ""array_stop"": 1173, ""original_start"": 2179, ""original_stop"": 2427}, {""array_start"": 1173, ""array_stop"": 1274, ""original_start"": 2428, ""original_stop"": 2529}]",559d4f3cddca1b3bf52fca9bd456d86fcc1cf50ecc0296d314b1e499c1896c66,1336,unknown upstream script/policy
edf78_npz,SC,SC:19,2,SC4192E0,/home/FA006/Desktop/Dimension/dataset/Preprocessed Sleep-EDF-78 dataset/SC4192E0.npz,f9a3237b65d137020427495c0cffc9d69ac8211a626d85ee90bee4c1572b840e,,,1274,all_epochs_waveform_verified,100.0,EEG Fpz-Cz,uV,,"[{""array_start"": 0, ""array_stop"": 816, ""original_start"": 1250, ""original_stop"": 2066}, {""array_start"": 816, ""array_stop"": 830, ""original_start"": 2068, ""original_stop"": 2082}, {""array_start"": 830, ""array_stop"": 925, ""original_start"": 2083, ""original_stop"": 2178}, {""array_start"": 925, ""array_stop"": 1173, ""original_start"": 2179, ""original_stop"": 2427}, {""array_start"": 1173, ""array_stop"": 1274, ""original_start"": 2428, ""original_stop"": 2529}]",559d4f3cddca1b3bf52fca9bd456d86fcc1cf50ecc0296d314b1e499c1896c66,1336,unknown upstream script/policy
raw_sc,SC,SC:20,1,SC4201E0,/home/FA006/Desktop/Sleep_dl/SLeep_edf_fulldataset/physionet.org/files/sleep-edfx/1.0.0/sleep-cassette/SC4201E0-PSG.edf,3ba17c53120b655bfa977f315a1d169d1f19df4af72aa3d7c0d73811fc7820eb,/home/FA006/Desktop/Sleep_dl/SLeep_edf_fulldataset/physionet.org/files/sleep-edfx/1.0.0/sleep-cassette/SC4201EC-Hypnogram.edf,c277cc95d8808860c79a62116f28b9f2e1ee381bac8ba268b94495069c7a8872,2804,original_raw_grid,,,,,,,,
edf78_npz,SC,SC:20,1,SC4201E0,/home/FA006/Desktop/Dimension/dataset/Preprocessed Sleep-EDF-78 dataset/SC4201E0.npz,842b0f91e3544625b924b25444ee8e1f8186671dc3029e00494682be326624c8,,,1022,all_epochs_waveform_verified,100.0,EEG Fpz-Cz,uV,,"[{""array_start"": 0, ""array_stop"": 308, ""original_start"": 785, ""original_stop"": 1093}, {""array_start"": 308, ""array_stop"": 1022, ""original_start"": 1094, ""original_stop"": 1808}]",9920055df823268df96bca333f608af0c417c1b17e2e17789a43801b7fde2d10,1782,unknown upstream script/policy
raw_sc,SC,SC:20,2,SC4202E0,/home/FA006/Desktop/Sleep_dl/SLeep_edf_fulldataset/physionet.org/files/sleep-edfx/1.0.0/sleep-cassette/SC4202E0-PSG.edf,a355b79ddda28e0ca8c2620cf8b381eee15d303748b54b1ab36ee76de7c30d35,/home/FA006/Desktop/Sleep_dl/SLeep_edf_fulldataset/physionet.org/files/sleep-edfx/1.0.0/sleep-cassette/SC4202EC-Hypnogram.edf,442624c325fed3858e64a0c444c66862df6395d4d424bfb465858103f35aa33d,2670,original_raw_grid,,,,,,,,
edf78_npz,SC,SC:20,2,SC4202E0,/home/FA006/Desktop/Dimension/dataset/Preprocessed Sleep-EDF-78 dataset/SC4202E0.npz,f8f4f3ceb6bc3535683e069f4ca19f2817ab01bf292bbc1322121b01a57ce4f7,,,1021,all_epochs_waveform_verified,100.0,EEG Fpz-Cz,uV,,"[{""array_start"": 0, ""array_stop"": 1021, ""original_start"": 807, ""original_stop"": 1828}]",0bd5ee28ad65a46c9954bd1aa206107e4ba81922ec61ee08263b2fd113c58e13,1649,unknown upstream script/policy
raw_sc,SC,SC:21,1,SC4211E0,/home/FA006/Desktop/Sleep_dl/SLeep_edf_fulldataset/physionet.org/files/sleep-edfx/1.0.0/sleep-cassette/SC4211E0-PSG.edf,f854dbcd3d3b2aeed57f41b5eedd75d559e29b0cde7155e71bf4e72eeb24d7e6,/home/FA006/Desktop/Sleep_dl/SLeep_edf_fulldataset/physionet.org/files/sleep-edfx/1.0.0/sleep-cassette/SC4211EC-Hypnogram.edf,034e06a4c45a0ba095cf3a624f5ef8360cdcfd03ac23717d60881ea47895b056,2810,original_raw_grid,,,,,,,,
edf78_npz,SC,SC:21,1,SC4211E0,/home/FA006/Desktop/Dimension/dataset/Preprocessed Sleep-EDF-78 dataset/SC4211E0.npz,d39a8b8f4f91509113e183e2d546dd7332a248647170ad1b83f1be49968fba38,,,1578,all_epochs_waveform_verified,100.0,EEG Fpz-Cz,uV,,"[{""array_start"": 0, ""array_stop"": 775, ""original_start"": 204, ""original_stop"": 979}, {""array_start"": 775, ""array_stop"": 879, ""original_start"": 980, ""original_stop"": 1084}, {""array_start"": 879, ""array_stop"": 1113, ""original_start"": 1085, ""original_stop"": 1319}, {""array_start"": 1113, ""array_stop"": 1199, ""original_start"": 1320, ""original_stop"": 1406}, {""array_start"": 1199, ""array_stop"": 1277, ""original_start"": 1407, ""original_stop"": 1485}, {""array_start"": 1277, ""array_stop"": 1578, ""original_start"": 1486, ""original_stop"": 1787}]",389492c463eb839ac681b890be4c536355e0043d771b300a4a191ee87185a551,1232,unknown upstream script/policy
raw_sc,SC,SC:21,2,SC4212E0,/home/FA006/Desktop/Sleep_dl/SLeep_edf_fulldataset/physionet.org/files/sleep-edfx/1.0.0/sleep-cassette/SC4212E0-PSG.edf,7900f773292c0946e28bf9f006d4c7cf4f7165a6f0f5beecce939b50c654902d,/home/FA006/Desktop/Sleep_dl/SLeep_edf_fulldataset/physionet.org/files/sleep-edfx/1.0.0/sleep-cassette/SC4212EC-Hypnogram.edf,061c879670f183c06298670b1b64e592d729d5aacf1e94e3c05a620395fad3ab,2694,original_raw_grid,,,,,,,,
edf78_npz,SC,SC:21,2,SC4212E0,/home/FA006/Desktop/Dimension/dataset/Preprocessed Sleep-EDF-78 dataset/SC4212E0.npz,bf0ce5a44d6671bacb43e2b7ee4fea39e127066808cd1af35d5110bc6420be52,,,808,all_epochs_waveform_verified,100.0,EEG Fpz-Cz,uV,,"[{""array_start"": 0, ""array_stop"": 808, ""original_start"": 945, ""original_stop"": 1753}]",bffdd11ce7f251abbf6509859695a9ff53b15dc4feed17d27c015dc90410589c,1886,unknown upstream script/policy
raw_sc,SC,SC:22,1,SC4221E0,/home/FA006/Desktop/Sleep_dl/SLeep_edf_fulldataset/physionet.org/files/sleep-edfx/1.0.0/sleep-cassette/SC4221E0-PSG.edf,156f2107d2830c63fb7820096e7d94fcbbac244e6a02dcc5d864fcba22818c81,/home/FA006/Desktop/Sleep_dl/SLeep_edf_fulldataset/physionet.org/files/sleep-edfx/1.0.0/sleep-cassette/SC4221EJ-Hypnogram.edf,4c256956fa213913f3803dd7e482094d72360ee0714678c7dcd1de75f69d8e03,2700,original_raw_grid,,,,,,,,
edf78_npz,SC,SC:22,1,SC4221E0,/home/FA006/Desktop/Dimension/dataset/Preprocessed Sleep-EDF-78 dataset/SC4221E0.npz,bb45aa7b291b8db487a213c055bae7080272e9a5453f00c6070468ed7041924a,,,1099,all_epochs_waveform_verified,100.0,EEG Fpz-Cz,uV,,"[{""array_start"": 0, ""array_stop"": 1099, ""original_start"": 766, ""original_stop"": 1865}]",f98a3412230de535f4e62b804485d2dd0f1d573cee438a211eafb9aba40e2e55,1601,unknown upstream script/policy
raw_sc,SC,SC:22,2,SC4222E0,/home/FA006/Desktop/Sleep_dl/SLeep_edf_fulldataset/physionet.org/files/sleep-edfx/1.0.0/sleep-cassette/SC4222E0-PSG.edf,1057fe3cacf499d1b8918e2532296fb282cb0c81a5fafd907ef2a3fcee3cc6ee,/home/FA006/Desktop/Sleep_dl/SLeep_edf_fulldataset/physionet.org/files/sleep-edfx/1.0.0/sleep-cassette/SC4222EC-Hypnogram.edf,6764feef6441e068db6d6f1b1fc3f818cbed5dcecf24ffc5d1c827568444df5b,2760,original_raw_grid,,,,,,,,
edf78_npz,SC,SC:22,2,SC4222E0,/home/FA006/Desktop/Dimension/dataset/Preprocessed Sleep-EDF-78 dataset/SC4222E0.npz,8126c5dea2f2ec3169e6827f18a232378a67e57b06954776c7b05ade49324b7f,,,1108,all_epochs_waveform_verified,100.0,EEG Fpz-Cz,uV,,"[{""array_start"": 0, ""array_stop"": 1108, ""original_start"": 759, ""original_stop"": 1867}]",a28f38339600ff43372ab74d2256579df22ceae18a444ec65ed518e6026d97f5,1652,unknown upstream script/policy
raw_sc,SC,SC:23,1,SC4231E0,/home/FA006/Desktop/Sleep_dl/SLeep_edf_fulldataset/physionet.org/files/sleep-edfx/1.0.0/sleep-cassette/SC4231E0-PSG.edf,d247ea53f0200a8b9ad4d72952f0fed51b512fda11e7e7568ca2be292e0f85fd,/home/FA006/Desktop/Sleep_dl/SLeep_edf_fulldataset/physionet.org/files/sleep-edfx/1.0.0/sleep-cassette/SC4231EJ-Hypnogram.edf,479e24b8749df0a747183cda96e56370a40fe1f380a67595628544fc674ef412,2746,original_raw_grid,,,,,,,,
edf78_npz,SC,SC:23,1,SC4231E0,/home/FA006/Desktop/Dimension/dataset/Preprocessed Sleep-EDF-78 dataset/SC4231E0.npz,a557e6b10891f5e1c3eda3de846e83dd024c32a9e6ef8d2fe0e75f58dd06df06,,,904,all_epochs_waveform_verified,100.0,EEG Fpz-Cz,uV,,"[{""array_start"": 0, ""array_stop"": 250, ""original_start"": 997, ""original_stop"": 1247}, {""array_start"": 250, ""array_stop"": 392, ""original_start"": 1248, ""original_stop"": 1390}, {""array_start"": 392, ""array_stop"": 722, ""original_start"": 1391, ""original_stop"": 1721}, {""array_start"": 722, ""array_stop"": 904, ""original_start"": 1722, ""original_stop"": 1904}]",4a2a3b2fee37c553a4da1367f08de17e5993417ec0352f1803b6cc50a5c3f6f1,1842,unknown upstream script/policy
raw_sc,SC,SC:23,2,SC4232E0,/home/FA006/Desktop/Sleep_dl/SLeep_edf_fulldataset/physionet.org/files/sleep-edfx/1.0.0/sleep-cassette/SC4232E0-PSG.edf,c3c8d5d8ac24987503eef7d1ed3855ba88094ce3556ab04116c300036ef7955e,/home/FA006/Desktop/Sleep_dl/SLeep_edf_fulldataset/physionet.org/files/sleep-edfx/1.0.0/sleep-cassette/SC4232EV-Hypnogram.edf,5b6a46b7f1cc1774524677c71c4335b0ec917767c71c04afd7a026d5a1f4a9e6,2640,original_raw_grid,,,,,,,,
edf78_npz,SC,SC:23,2,SC4232E0,/home/FA006/Desktop/Dimension/dataset/Preprocessed Sleep-EDF-78 dataset/SC4232E0.npz,a5f2ec31170b179e2d9b5dd221d7f55485d0dfe91740e1b9d3f0a95559bb9d1d,,,1729,all_epochs_waveform_verified,100.0,EEG Fpz-Cz,uV,,"[{""array_start"": 0, ""array_stop"": 675, ""original_start"": 904, ""original_stop"": 1579}, {""array_start"": 675, ""array_stop"": 694, ""original_start"": 1580, ""original_stop"": 1599}, {""array_start"": 694, ""array_stop"": 706, ""original_start"": 1600, ""original_stop"": 1612}, {""array_start"": 706, ""array_stop"": 727, ""original_start"": 1613, ""original_stop"": 1634}, {""array_start"": 727, ""array_stop"": 876, ""original_start"": 1635, ""original_stop"": 1784}, {""array_start"": 876, ""array_stop"": 1729, ""original_start"": 1785, ""original_stop"": 2638}]",90e794e9561d141053d9aaa0111cceb611159ee52c52e53dec652c7540e26dbf,911,unknown upstream script/policy
raw_sc,SC,SC:24,1,SC4241E0,/home/FA006/Desktop/Sleep_dl/SLeep_edf_fulldataset/physionet.org/files/sleep-edfx/1.0.0/sleep-cassette/SC4241E0-PSG.edf,d9f4aee0a6abe72281f327d5e991063d5fc92def892d15de0f0898c5c8583975,/home/FA006/Desktop/Sleep_dl/SLeep_edf_fulldataset/physionet.org/files/sleep-edfx/1.0.0/sleep-cassette/SC4241EC-Hypnogram.edf,40644006bbf529f16a9e286143e4c9632b30ba9f628ec077258770a326088add,2702,original_raw_grid,,,,,,,,
edf78_npz,SC,SC:24,1,SC4241E0,/home/FA006/Desktop/Dimension/dataset/Preprocessed Sleep-EDF-78 dataset/SC4241E0.npz,52877fde2a0333cfc4911636f19fe82ddeb3123f14bc5979a4250078f9fbe42c,,,1673,all_epochs_waveform_verified,100.0,EEG Fpz-Cz,uV,,"[{""array_start"": 0, ""array_stop"": 1184, ""original_start"": 185, ""original_stop"": 1369}, {""array_start"": 1184, ""array_stop"": 1356, ""original_start"": 1370, ""original_stop"": 1542}, {""array_start"": 1356, ""array_stop"": 1673, ""original_start"": 1543, ""original_stop"": 1860}]",14a6a8500e1fa75f54e11a232f4189b8a950e3bc5e16cad38c365784e439b113,1029,unknown upstream script/policy
raw_sc,SC,SC:24,2,SC4242E0,/home/FA006/Desktop/Sleep_dl/SLeep_edf_fulldataset/physionet.org/files/sleep-edfx/1.0.0/sleep-cassette/SC4242E0-PSG.edf,82f6dfa5ffff01d5848657696c73bf01f9acd2ab1cfdc0ae8dfe5cad115b662a,/home/FA006/Desktop/Sleep_dl/SLeep_edf_fulldataset/physionet.org/files/sleep-edfx/1.0.0/sleep-cassette/SC4242EA-Hypnogram.edf,b29eafaab1b8f81cf2f11585463d69900317dab3101139acfd05ae8a51f00291,2710,original_raw_grid,,,,,,,,
edf78_npz,SC,SC:24,2,SC4242E0,/home/FA006/Desktop/Dimension/dataset/Preprocessed Sleep-EDF-78 dataset/SC4242E0.npz,3b6f664b5f7704ea7876ef898289105e413ffea0cffbcfdc949d13d30a7d64e1,,,1775,all_epochs_waveform_verified,100.0,EEG Fpz-Cz,uV,,"[{""array_start"": 0, ""array_stop"": 1775, ""original_start"": 182, ""original_stop"": 1957}]",d08b1ad78d3ca3ee4b4060725cf903a9fdb640b5c61d8a76d06508823d82f650,935,unknown upstream script/policy
raw_sc,SC,SC:25,1,SC4251E0,/home/FA006/Desktop/Sleep_dl/SLeep_edf_fulldataset/physionet.org/files/sleep-edfx/1.0.0/sleep-cassette/SC4251E0-PSG.edf,536ce5f12d3fc73cd48ed33f54def520791eab15b6b28d0ef8c0a05c4106d284,/home/FA006/Desktop/Sleep_dl/SLeep_edf_fulldataset/physionet.org/files/sleep-edfx/1.0.0/sleep-cassette/SC4251EP-Hypnogram.edf,308f75fba5581b1434ff708bbe22cb46fdeb5557df25c0ede6cfdeeaca0c0f67,2760,original_raw_grid,,,,,,,,
edf78_npz,SC,SC:25,1,SC4251E0,/home/FA006/Desktop/Dimension/dataset/Preprocessed Sleep-EDF-78 dataset/SC4251E0.npz,5643af84efba343d2ad7b4458b0173e8864194dcf065329fd37741061bbc7403,,,972,all_epochs_waveform_verified,100.0,EEG Fpz-Cz,uV,,"[{""array_start"": 0, ""array_stop"": 972, ""original_start"": 956, ""original_stop"": 1928}]",48e015d7498b8c7370bf001547bc397efd46f1bf04251d0566c6e47bc12ef812,1788,unknown upstream script/policy
raw_sc,SC,SC:25,2,SC4252E0,/home/FA006/Desktop/Sleep_dl/SLeep_edf_fulldataset/physionet.org/files/sleep-edfx/1.0.0/sleep-cassette/SC4252E0-PSG.edf,d90270884f8449205a145c35ccfcb46827bcd8e233448a230581ea775302f569,/home/FA006/Desktop/Sleep_dl/SLeep_edf_fulldataset/physionet.org/files/sleep-edfx/1.0.0/sleep-cassette/SC4252EU-Hypnogram.edf,0b607aa555bd3a372fd0ca275c9702905309a84f3f87bf3a363881cc5942bee5,2666,original_raw_grid,,,,,,,,
edf78_npz,SC,SC:25,2,SC4252E0,/home/FA006/Desktop/Dimension/dataset/Preprocessed Sleep-EDF-78 dataset/SC4252E0.npz,e521a6fc5204f8346e4a1b2c710cb7c2448382c5ed2f2a2913ae66c6733bf145,,,1020,all_epochs_waveform_verified,100.0,EEG Fpz-Cz,uV,,"[{""array_start"": 0, ""array_stop"": 419, ""original_start"": 940, ""original_stop"": 1359}, {""array_start"": 419, ""array_stop"": 1020, ""original_start"": 1360, ""original_stop"": 1961}]",e9a80d5cee9cfbda181ec942f15fb4db2c7a6b0f898f5225899fa1e23201aebe,1646,unknown upstream script/policy
raw_sc,SC,SC:26,1,SC4261F0,/home/FA006/Desktop/Sleep_dl/SLeep_edf_fulldataset/physionet.org/files/sleep-edfx/1.0.0/sleep-cassette/SC4261F0-PSG.edf,fa14d2798e3b8472af2844209cbb5b55f02abfdc8704cbc3a7225b34e114a5c8,/home/FA006/Desktop/Sleep_dl/SLeep_edf_fulldataset/physionet.org/files/sleep-edfx/1.0.0/sleep-cassette/SC4261FM-Hypnogram.edf,604ee67028077746feef88f577e728d6d3405d43bb5a69fdc945538b657130cb,2800,original_raw_grid,,,,,,,,
edf78_npz,SC,SC:26,1,SC4261F0,/home/FA006/Desktop/Dimension/dataset/Preprocessed Sleep-EDF-78 dataset/SC4261F0.npz,7119594af6ebfda6450804a1bb6869dd0e5c255daf9f3e734df1fef60a2d5520,,,1597,all_epochs_waveform_verified,100.0,EEG Fpz-Cz,uV,,"[{""array_start"": 0, ""array_stop"": 1597, ""original_start"": 415, ""original_stop"": 2012}]",9c32bc38b11eb5f9fab862f81569c38e883563e37c9bd07fff1f8c785abc409e,1203,unknown upstream script/policy
raw_sc,SC,SC:26,2,SC4262F0,/home/FA006/Desktop/Sleep_dl/SLeep_edf_fulldataset/physionet.org/files/sleep-edfx/1.0.0/sleep-cassette/SC4262F0-PSG.edf,c13160af94ae3f1e7f2dbdc62f47bf08007b5c48a10cc58e16af2882b617ec9e,/home/FA006/Desktop/Sleep_dl/SLeep_edf_fulldataset/physionet.org/files/sleep-edfx/1.0.0/sleep-cassette/SC4262FC-Hypnogram.edf,073ed5611a98bf2b12c3517c3bc07009ef848011246e8f2974b8811d317c9f95,2720,original_raw_grid,,,,,,,,
edf78_npz,SC,SC:26,2,SC4262F0,/home/FA006/Desktop/Dimension/dataset/Preprocessed Sleep-EDF-78 dataset/SC4262F0.npz,c4aa4a16d29241d3e266e764bf9f709a0530f00756ec98e6de78b22063669b9f,,,980,all_epochs_waveform_verified,100.0,EEG Fpz-Cz,uV,,"[{""array_start"": 0, ""array_stop"": 980, ""original_start"": 954, ""original_stop"": 1934}]",711eb5048e0f74dbee106398df658141b828d5a155f6019e70374b4a4c47439c,1740,unknown upstream script/policy
raw_sc,SC,SC:27,1,SC4271F0,/home/FA006/Desktop/Sleep_dl/SLeep_edf_fulldataset/physionet.org/files/sleep-edfx/1.0.0/sleep-cassette/SC4271F0-PSG.edf,d00acba983684b66f95a63425e98009552abb3e995add80caaef4a81d86c2db5,/home/FA006/Desktop/Sleep_dl/SLeep_edf_fulldataset/physionet.org/files/sleep-edfx/1.0.0/sleep-cassette/SC4271FC-Hypnogram.edf,8ad9c72d51e7f822ed82db9369021b3383e509e62a49d71bed89aabb4340114c,2440,original_raw_grid,,,,,,,,
edf78_npz,SC,SC:27,1,SC4271F0,/home/FA006/Desktop/Dimension/dataset/Preprocessed Sleep-EDF-78 dataset/SC4271F0.npz,ee24d6f6e2e64029647bd537b6a94713f0743203d80a3d02673aed0dce1169df,,,1052,all_epochs_waveform_verified,100.0,EEG Fpz-Cz,uV,,"[{""array_start"": 0, ""array_stop"": 1052, ""original_start"": 945, ""original_stop"": 1997}]",f34dad74fdcaef78fb0d311b3c632bc2cd2b2d07332f43840d7ae1db24d029b9,1388,unknown upstream script/policy
raw_sc,SC,SC:27,2,SC4272F0,/home/FA006/Desktop/Sleep_dl/SLeep_edf_fulldataset/physionet.org/files/sleep-edfx/1.0.0/sleep-cassette/SC4272F0-PSG.edf,a1cc979eda628a36b97bb6376a523562e6884a2eae65168f0ffe0c697a74dc03,/home/FA006/Desktop/Sleep_dl/SLeep_edf_fulldataset/physionet.org/files/sleep-edfx/1.0.0/sleep-cassette/SC4272FM-Hypnogram.edf,ee84605d437db8e2dbb42ad785154b6562ae49eb699f67356ec077f6d2674d20,2870,original_raw_grid,,,,,,,,
edf78_npz,SC,SC:27,2,SC4272F0,/home/FA006/Desktop/Dimension/dataset/Preprocessed Sleep-EDF-78 dataset/SC4272F0.npz,2c9ae10953450fc26f54d52da7f0cb378bfb4b4e63b14f0e374c29bca33a5574,,,1090,all_epochs_waveform_verified,100.0,EEG Fpz-Cz,uV,,"[{""array_start"": 0, ""array_stop"": 1090, ""original_start"": 1291, ""original_stop"": 2381}]",a4c2a02a80ac5461beff95fe21f59045c35cc8a2eb86a5364e336d0968415616,1780,unknown upstream script/policy
raw_sc,SC,SC:28,1,SC4281G0,/home/FA006/Desktop/Sleep_dl/SLeep_edf_fulldataset/physionet.org/files/sleep-edfx/1.0.0/sleep-cassette/SC4281G0-PSG.edf,b75d635c28e0adce938cfe99e633a3eabbff161bf61bef4953dcffca289c71c7,/home/FA006/Desktop/Sleep_dl/SLeep_edf_fulldataset/physionet.org/files/sleep-edfx/1.0.0/sleep-cassette/SC4281GC-Hypnogram.edf,789bf9dfbda72b11e8c5fc783191e15a2f55531f72f07d07b9af2dd045dc96d4,2788,original_raw_grid,,,,,,,,
edf78_npz,SC,SC:28,1,SC4281G0,/home/FA006/Desktop/Dimension/dataset/Preprocessed Sleep-EDF-78 dataset/SC4281G0.npz,ac1699397fa476a6872e25fdd7987e7552b5f49f662dfbb6eda91f727aa28ac0,,,1127,all_epochs_waveform_verified,100.0,EEG Fpz-Cz,uV,,"[{""array_start"": 0, ""array_stop"": 1127, ""original_start"": 1191, ""original_stop"": 2318}]",2cf9091612791b2e6231b990afe1907ab8716d3a2db8affa64e803de2cdcb18c,1661,unknown upstream script/policy
raw_sc,SC,SC:28,2,SC4282G0,/home/FA006/Desktop/Sleep_dl/SLeep_edf_fulldataset/physionet.org/files/sleep-edfx/1.0.0/sleep-cassette/SC4282G0-PSG.edf,c0f7b2b342d945b3f5e44c25e803c545864b53f683d59f72b000061d4e057944,/home/FA006/Desktop/Sleep_dl/SLeep_edf_fulldataset/physionet.org/files/sleep-edfx/1.0.0/sleep-cassette/SC4282GC-Hypnogram.edf,b6a7a68f20d179249b30eb41f93d485620f701f70cdeb3234c2d63b72800ced7,2814,original_raw_grid,,,,,,,,
edf78_npz,SC,SC:28,2,SC4282G0,/home/FA006/Desktop/Dimension/dataset/Preprocessed Sleep-EDF-78 dataset/SC4282G0.npz,f8607bcb2ef94d47abb7670a81cbbbbabffcbb1b31ee9eec225d9b43545ca474,,,1070,all_epochs_waveform_verified,100.0,EEG Fpz-Cz,uV,,"[{""array_start"": 0, ""array_stop"": 1070, ""original_start"": 1256, ""original_stop"": 2326}]",455fa48a18942d66230b1356957cb4679de17d597a1b183e1e1e213a7cee3568,1744,unknown upstream script/policy
raw_sc,SC,SC:29,1,SC4291G0,/home/FA006/Desktop/Sleep_dl/SLeep_edf_fulldataset/physionet.org/files/sleep-edfx/1.0.0/sleep-cassette/SC4291G0-PSG.edf,dbb7968f148cc21a6c405c7b93036250ec0395d0258b253aa08f391a64565195,/home/FA006/Desktop/Sleep_dl/SLeep_edf_fulldataset/physionet.org/files/sleep-edfx/1.0.0/sleep-cassette/SC4291GA-Hypnogram.edf,2a5f69739e7accdfaafa3e38bc24d5986dcba171e6ba7f071c68081c9defbc30,2756,original_raw_grid,,,,,,,,
edf78_npz,SC,SC:29,1,SC4291G0,/home/FA006/Desktop/Dimension/dataset/Preprocessed Sleep-EDF-78 dataset/SC4291G0.npz,4544d9b641e0295533cab041cf485ed56ff1dcefb3be1704efbae45cad93429c,,,1131,all_epochs_waveform_verified,100.0,EEG Fpz-Cz,uV,,"[{""array_start"": 0, ""array_stop"": 1131, ""original_start"": 821, ""original_stop"": 1952}]",4a6025808bfcd9ee0b0e121c0cc646d0f905f6d84661babeac2af342407a6809,1625,unknown upstream script/policy
raw_sc,SC,SC:29,2,SC4292G0,/home/FA006/Desktop/Sleep_dl/SLeep_edf_fulldataset/physionet.org/files/sleep-edfx/1.0.0/sleep-cassette/SC4292G0-PSG.edf,40bacd47dc057627b4412df56c1a9c0a598b603472ffd7a5cb5d3318395034e5,/home/FA006/Desktop/Sleep_dl/SLeep_edf_fulldataset/physionet.org/files/sleep-edfx/1.0.0/sleep-cassette/SC4292GC-Hypnogram.edf,23a070cbede288cf71ee041d4779080f699803843a6d4b8097a872942b601e3f,2810,original_raw_grid,,,,,,,,
edf78_npz,SC,SC:29,2,SC4292G0,/home/FA006/Desktop/Dimension/dataset/Preprocessed Sleep-EDF-78 dataset/SC4292G0.npz,9d62b05e11c0337d054277e1e5318fb1e0efe873fa8b7c6f1f5ddaf61f5f0511,,,1605,all_epochs_waveform_verified,100.0,EEG Fpz-Cz,uV,,"[{""array_start"": 0, ""array_stop"": 724, ""original_start"": 388, ""original_stop"": 1112}, {""array_start"": 724, ""array_stop"": 741, ""original_start"": 1113, ""original_stop"": 1130}, {""array_start"": 741, ""array_stop"": 1029, ""original_start"": 1131, ""original_stop"": 1419}, {""array_start"": 1029, ""array_stop"": 1605, ""original_start"": 1420, ""original_stop"": 1996}]",5b6460b47f27acaee69336cf0850ee00186e351a454d1e9973a75f6cfa73e9cb,1205,unknown upstream script/policy
raw_sc,SC,SC:30,1,SC4301E0,/home/FA006/Desktop/Sleep_dl/SLeep_edf_fulldataset/physionet.org/files/sleep-edfx/1.0.0/sleep-cassette/SC4301E0-PSG.edf,1fee615ba81df131a3059f18d4fd0ef49031b193b41e4be1e70432077d7be5bf,/home/FA006/Desktop/Sleep_dl/SLeep_edf_fulldataset/physionet.org/files/sleep-edfx/1.0.0/sleep-cassette/SC4301EC-Hypnogram.edf,b1789461f7c6bca865bbdec1a874dae163d1182067cf237afa1eecb62d5ea100,2646,original_raw_grid,,,,,,,,
edf78_npz,SC,SC:30,1,SC4301E0,/home/FA006/Desktop/Dimension/dataset/Preprocessed Sleep-EDF-78 dataset/SC4301E0.npz,edfc26f3d49997b3eb7976f9b851205d489fe38192bf8ad16d903d745efe4259,,,929,all_epochs_waveform_verified,100.0,EEG Fpz-Cz,uV,,"[{""array_start"": 0, ""array_stop"": 341, ""original_start"": 878, ""original_stop"": 1219}, {""array_start"": 341, ""array_stop"": 363, ""original_start"": 1220, ""original_stop"": 1242}, {""array_start"": 363, ""array_stop"": 929, ""original_start"": 1243, ""original_stop"": 1809}]",7aa0f152362e74b2b66d71f1077a37bf0c4644802de427927284b4964f9737a6,1717,unknown upstream script/policy
raw_sc,SC,SC:30,2,SC4302E0,/home/FA006/Desktop/Sleep_dl/SLeep_edf_fulldataset/physionet.org/files/sleep-edfx/1.0.0/sleep-cassette/SC4302E0-PSG.edf,bf8319f714243c63486d850133515a96ec0f02349ccd99af9199bd661263024b,/home/FA006/Desktop/Sleep_dl/SLeep_edf_fulldataset/physionet.org/files/sleep-edfx/1.0.0/sleep-cassette/SC4302EV-Hypnogram.edf,bfecfffea38867faf10a881c0da04e4d50da19388d3f01328e44ec2109970f13,2808,original_raw_grid,,,,,,,,
edf78_npz,SC,SC:30,2,SC4302E0,/home/FA006/Desktop/Dimension/dataset/Preprocessed Sleep-EDF-78 dataset/SC4302E0.npz,6c3c74ca1dbc514d7cf85c2d52f1210255faf7590fdbb8c0400ea29cf008ae85,,,854,all_epochs_waveform_verified,100.0,EEG Fpz-Cz,uV,,"[{""array_start"": 0, ""array_stop"": 854, ""original_start"": 1052, ""original_stop"": 1906}]",be7540c777ca9f4957fb72ff407dc5eef4f2bafbdd6e1aecff0c0b88a22872d6,1954,unknown upstream script/policy
raw_sc,SC,SC:31,1,SC4311E0,/home/FA006/Desktop/Sleep_dl/SLeep_edf_fulldataset/physionet.org/files/sleep-edfx/1.0.0/sleep-cassette/SC4311E0-PSG.edf,e412c43fbe7676b20bd327f6cdf01321dc98b70baa6ef3986889c37cb611d9fc,/home/FA006/Desktop/Sleep_dl/SLeep_edf_fulldataset/physionet.org/files/sleep-edfx/1.0.0/sleep-cassette/SC4311EC-Hypnogram.edf,fe96aadc484c21d21ace19e986044ba3c1b1582dcabfff817da86cea2a4ae2a2,2670,original_raw_grid,,,,,,,,
edf78_npz,SC,SC:31,1,SC4311E0,/home/FA006/Desktop/Dimension/dataset/Preprocessed Sleep-EDF-78 dataset/SC4311E0.npz,64c02df3dd269cccb3445bb787ccd7970d29c72c02c504287afd3f70eeb4fafd,,,1054,all_epochs_waveform_verified,100.0,EEG Fpz-Cz,uV,,"[{""array_start"": 0, ""array_stop"": 1054, ""original_start"": 839, ""original_stop"": 1893}]",231fec845bd3baec75927c6f7882e8326171f2dd65df9d1b2be40c66fff85e9d,1616,unknown upstream script/policy
raw_sc,SC,SC:31,2,SC4312E0,/home/FA006/Desktop/Sleep_dl/SLeep_edf_fulldataset/physionet.org/files/sleep-edfx/1.0.0/sleep-cassette/SC4312E0-PSG.edf,902c558aa2bb953e14c84e22be4734ae567c68552802dc6816d0d7b3cd32ed69,/home/FA006/Desktop/Sleep_dl/SLeep_edf_fulldataset/physionet.org/files/sleep-edfx/1.0.0/sleep-cassette/SC4312EM-Hypnogram.edf,49d415058e3ab0908c44ad36be4431737302684da693b4d8207d73e1710da00b,2700,original_raw_grid,,,,,,,,
edf78_npz,SC,SC:31,2,SC4312E0,/home/FA006/Desktop/Dimension/dataset/Preprocessed Sleep-EDF-78 dataset/SC4312E0.npz,8df12fff806b46449259866d81576480d2418738bc394849d62f14c541c7a9da,,,1181,all_epochs_waveform_verified,100.0,EEG Fpz-Cz,uV,,"[{""array_start"": 0, ""array_stop"": 1181, ""original_start"": 875, ""original_stop"": 2056}]",b7431034d3ee26b8fff20650555e1b5a2f92e9fdf2c19f4e70f21fe1aeb9a971,1519,unknown upstream script/policy
raw_sc,SC,SC:32,1,SC4321E0,/home/FA006/Desktop/Sleep_dl/SLeep_edf_fulldataset/physionet.org/files/sleep-edfx/1.0.0/sleep-cassette/SC4321E0-PSG.edf,a7ab1c3dae7336bd58bbf6cb256114b994d7d2898c828dafa72d982b33755741,/home/FA006/Desktop/Sleep_dl/SLeep_edf_fulldataset/physionet.org/files/sleep-edfx/1.0.0/sleep-cassette/SC4321EC-Hypnogram.edf,2e7300fcbc243ff52e928e8f997c298fc79fdc55068fc46ffdbbfce93a152f39,2690,original_raw_grid,,,,,,,,
edf78_npz,SC,SC:32,1,SC4321E0,/home/FA006/Desktop/Dimension/dataset/Preprocessed Sleep-EDF-78 dataset/SC4321E0.npz,40061c70b67372a52115b953fd7002f1790f0e431a3866df4ec3a22dae917f25,,,1560,all_epochs_waveform_verified,100.0,EEG Fpz-Cz,uV,,"[{""array_start"": 0, ""array_stop"": 1025, ""original_start"": 361, ""original_stop"": 1386}, {""array_start"": 1025, ""array_stop"": 1560, ""original_start"": 1387, ""original_stop"": 1922}]",25838805d32751d68a78e98bb0a4f5fe270ff7647cd93f070867e071bb4f3101,1130,unknown upstream script/policy
raw_sc,SC,SC:32,2,SC4322E0,/home/FA006/Desktop/Sleep_dl/SLeep_edf_fulldataset/physionet.org/files/sleep-edfx/1.0.0/sleep-cassette/SC4322E0-PSG.edf,9c46fb276ed8792a85693633feb44d72ad5437dff4099defdec111e46694ed53,/home/FA006/Desktop/Sleep_dl/SLeep_edf_fulldataset/physionet.org/files/sleep-edfx/1.0.0/sleep-cassette/SC4322EC-Hypnogram.edf,e2d888237b9fc2092d82356d2ad592c5bbfce8d72eca2ef883aac6027d02daba,2616,original_raw_grid,,,,,,,,
edf78_npz,SC,SC:32,2,SC4322E0,/home/FA006/Desktop/Dimension/dataset/Preprocessed Sleep-EDF-78 dataset/SC4322E0.npz,ca02bd854dcdd178cb0e49c168af4f9d49bd6066b0099ec11c776f38825e0fb7,,,1021,all_epochs_waveform_verified,100.0,EEG Fpz-Cz,uV,,"[{""array_start"": 0, ""array_stop"": 1021, ""original_start"": 924, ""original_stop"": 1945}]",6f698f4e0b07491655d39971883814218ed8f427b88c91a6ff308ad1e21040f4,1595,unknown upstream script/policy
raw_sc,SC,SC:33,1,SC4331F0,/home/FA006/Desktop/Sleep_dl/SLeep_edf_fulldataset/physionet.org/files/sleep-edfx/1.0.0/sleep-cassette/SC4331F0-PSG.edf,1792d8b8307edbb914c4302386a9bbe4e63129f7ea7761bfeba604a98b32a89d,/home/FA006/Desktop/Sleep_dl/SLeep_edf_fulldataset/physionet.org/files/sleep-edfx/1.0.0/sleep-cassette/SC4331FV-Hypnogram.edf,a40cd38398a5ec6910ac8b9afc58aa3e7bcccf70177aef28acbc1a2cb84bf876,2810,original_raw_grid,,,,,,,,
edf78_npz,SC,SC:33,1,SC4331F0,/home/FA006/Desktop/Dimension/dataset/Preprocessed Sleep-EDF-78 dataset/SC4331F0.npz,ee15fef8a7074af5f87fd967e64f04382f0b752689bf5c7c49791626ec3ebd30,,,1888,all_epochs_waveform_verified,100.0,EEG Fpz-Cz,uV,,"[{""array_start"": 0, ""array_stop"": 187, ""original_start"": 886, ""original_stop"": 1073}, {""array_start"": 187, ""array_stop"": 1888, ""original_start"": 1074, ""original_stop"": 2775}]",f6f1aab8a00be5dd05070dedbebd6fe07a2560987f08c8030a88d8443c9b2350,922,unknown upstream script/policy
raw_sc,SC,SC:33,2,SC4332F0,/home/FA006/Desktop/Sleep_dl/SLeep_edf_fulldataset/physionet.org/files/sleep-edfx/1.0.0/sleep-cassette/SC4332F0-PSG.edf,e371e608e3ba228c68ffb198cf11feccaf724b5c240538ec3277262bcf4bf3cb,/home/FA006/Desktop/Sleep_dl/SLeep_edf_fulldataset/physionet.org/files/sleep-edfx/1.0.0/sleep-cassette/SC4332FC-Hypnogram.edf,b20269e2996d524e26ca3a433af837c8e44a8c948d44c1b38010682aae59813c,2760,original_raw_grid,,,,,,,,
edf78_npz,SC,SC:33,2,SC4332F0,/home/FA006/Desktop/Dimension/dataset/Preprocessed Sleep-EDF-78 dataset/SC4332F0.npz,1197c463bff647d7a09d92aaa057b15056a9e50ce1d30b59df7b85150b70a579,,,1312,all_epochs_waveform_verified,100.0,EEG Fpz-Cz,uV,,"[{""array_start"": 0, ""array_stop"": 567, ""original_start"": 479, ""original_stop"": 1046}, {""array_start"": 567, ""array_stop"": 723, ""original_start"": 1047, ""original_stop"": 1203}, {""array_start"": 723, ""array_stop"": 1312, ""original_start"": 1204, ""original_stop"": 1793}]",0ba9c4c14e03fb2e2aa43e303f5b36fd81fb4ae2d6b4de46554052b935e14a65,1448,unknown upstream script/policy
raw_sc,SC,SC:34,1,SC4341F0,/home/FA006/Desktop/Sleep_dl/SLeep_edf_fulldataset/physionet.org/files/sleep-edfx/1.0.0/sleep-cassette/SC4341F0-PSG.edf,6f2459accb3a9eaeccab516cee01bb6aa8694e31c291f635338a7f802d6ec84c,/home/FA006/Desktop/Sleep_dl/SLeep_edf_fulldataset/physionet.org/files/sleep-edfx/1.0.0/sleep-cassette/SC4341FA-Hypnogram.edf,4bf6e9f91d75658a9dbf83781a0eaa1a19d3051dcbb5568e4a740d73b8eb6533,2750,original_raw_grid,,,,,,,,
edf78_npz,SC,SC:34,1,SC4341F0,/home/FA006/Desktop/Dimension/dataset/Preprocessed Sleep-EDF-78 dataset/SC4341F0.npz,506ea2b9f93d2046b6cc2d5510f124032264aa4ac7842fd7e74b7ed687a122f0,,,1501,all_epochs_waveform_verified,100.0,EEG Fpz-Cz,uV,,"[{""array_start"": 0, ""array_stop"": 1501, ""original_start"": 264, ""original_stop"": 1765}]",84a5ba56e4fbe8f2f41299bb9f046da00395062fe2ea0fb9c11a3e7ebf53b738,1249,unknown upstream script/policy
raw_sc,SC,SC:34,2,SC4342F0,/home/FA006/Desktop/Sleep_dl/SLeep_edf_fulldataset/physionet.org/files/sleep-edfx/1.0.0/sleep-cassette/SC4342F0-PSG.edf,5d467dd147e2ad115d3c0b399ff4f4209a92a258793e21043ba474c02673bdbf,/home/FA006/Desktop/Sleep_dl/SLeep_edf_fulldataset/physionet.org/files/sleep-edfx/1.0.0/sleep-cassette/SC4342FA-Hypnogram.edf,aea17788608eea25abe7a282aa4914b62073515991e76eebd360f8d6dc715329,2790,original_raw_grid,,,,,,,,
edf78_npz,SC,SC:34,2,SC4342F0,/home/FA006/Desktop/Dimension/dataset/Preprocessed Sleep-EDF-78 dataset/SC4342F0.npz,c2315821fbaf0afd96f9a56af0ce90e0c30f857744cf4de1e8dea968df2203af,,,1582,all_epochs_waveform_verified,100.0,EEG Fpz-Cz,uV,,"[{""array_start"": 0, ""array_stop"": 1582, ""original_start"": 287, ""original_stop"": 1869}]",5db73cb6c1256f2d809d6557613b0f0414d7233b0a84f34b89c346d6da05362f,1208,unknown upstream script/policy
raw_sc,SC,SC:35,1,SC4351F0,/home/FA006/Desktop/Sleep_dl/SLeep_edf_fulldataset/physionet.org/files/sleep-edfx/1.0.0/sleep-cassette/SC4351F0-PSG.edf,81acdd7907f718845841bee1f9eb01c39f776a01f9a2c530f4164e0ae0e5cb62,/home/FA006/Desktop/Sleep_dl/SLeep_edf_fulldataset/physionet.org/files/sleep-edfx/1.0.0/sleep-cassette/SC4351FA-Hypnogram.edf,eae32c74c37ff618804900ed26f3c7e995a6d82c6eb84b9e0841f0575093a745,2710,original_raw_grid,,,,,,,,
edf78_npz,SC,SC:35,1,SC4351F0,/home/FA006/Desktop/Dimension/dataset/Preprocessed Sleep-EDF-78 dataset/SC4351F0.npz,2f4b49c9cca99dfdb533bc60a9ecdaea16e78a4d4fe730f59a593c2b7634bbff,,,976,all_epochs_waveform_verified,100.0,EEG Fpz-Cz,uV,,"[{""array_start"": 0, ""array_stop"": 976, ""original_start"": 912, ""original_stop"": 1888}]",0d6972de6dfddc7c6e753ac35bd870ddcde2ac303a72c0212266aecb0f059d05,1734,unknown upstream script/policy
raw_sc,SC,SC:35,2,SC4352F0,/home/FA006/Desktop/Sleep_dl/SLeep_edf_fulldataset/physionet.org/files/sleep-edfx/1.0.0/sleep-cassette/SC4352F0-PSG.edf,98ff6eca86334cf24c2df54c32e3448128c5bff9c8b51b504a704a92d1920932,/home/FA006/Desktop/Sleep_dl/SLeep_edf_fulldataset/physionet.org/files/sleep-edfx/1.0.0/sleep-cassette/SC4352FV-Hypnogram.edf,0a36a8a5adce558d8dddf305a7755cd6a46d9e35b1164a6ec1d6f255be20342d,2532,original_raw_grid,,,,,,,,
edf78_npz,SC,SC:35,2,SC4352F0,/home/FA006/Desktop/Dimension/dataset/Preprocessed Sleep-EDF-78 dataset/SC4352F0.npz,f9928450ee73daab756ac08deb6b0f08933eaacfef5f23e3528e6a247c0565c6,,,963,all_epochs_waveform_verified,100.0,EEG Fpz-Cz,uV,,"[{""array_start"": 0, ""array_stop"": 290, ""original_start"": 1038, ""original_stop"": 1328}, {""array_start"": 290, ""array_stop"": 439, ""original_start"": 1329, ""original_stop"": 1478}, {""array_start"": 439, ""array_stop"": 963, ""original_start"": 1479, ""original_stop"": 2003}]",cf956440a28b813d0cd4a8abea26fb4670bacdf231bea5b8cb9c25b64e6d73c7,1569,unknown upstream script/policy
raw_sc,SC,SC:36,2,SC4362F0,/home/FA006/Desktop/Sleep_dl/SLeep_edf_fulldataset/physionet.org/files/sleep-edfx/1.0.0/sleep-cassette/SC4362F0-PSG.edf,e9b67e13606abf693138bad8f236e6781de45100b1cdf9b2ce1745a4eed33a44,/home/FA006/Desktop/Sleep_dl/SLeep_edf_fulldataset/physionet.org/files/sleep-edfx/1.0.0/sleep-cassette/SC4362FC-Hypnogram.edf,13e4568c76fb57bfab7c4f1ff12081609dbe04947bd850dc728f8e5d6663c2bf,2266,original_raw_grid,,,,,,,,
edf78_npz,SC,SC:36,2,SC4362F0,/home/FA006/Desktop/Dimension/dataset/Preprocessed Sleep-EDF-78 dataset/SC4362F0.npz,92b2d7c10fcaf7bd17da65b60bc78449765dda169bb30749d7bf507fd3c59d81,,,824,all_epochs_waveform_verified,100.0,EEG Fpz-Cz,uV,,"[{""array_start"": 0, ""array_stop"": 824, ""original_start"": 982, ""original_stop"": 1806}]",2cdfe2ff6ceccef05555fc56405bdda6e8876a91db8caabfd53dd9ff74c756f2,1442,unknown upstream script/policy
raw_sc,SC,SC:37,1,SC4371F0,/home/FA006/Desktop/Sleep_dl/SLeep_edf_fulldataset/physionet.org/files/sleep-edfx/1.0.0/sleep-cassette/SC4371F0-PSG.edf,997a20f50ee88646fe228ae85d0a0f0ce4f336f07fd65c13ba6d78e9b0c39638,/home/FA006/Desktop/Sleep_dl/SLeep_edf_fulldataset/physionet.org/files/sleep-edfx/1.0.0/sleep-cassette/SC4371FA-Hypnogram.edf,83ea9ff27415b36f183dd4492b6016696d6935081a786ad2b602397387b51f79,2850,original_raw_grid,,,,,,,,
edf78_npz,SC,SC:37,1,SC4371F0,/home/FA006/Desktop/Dimension/dataset/Preprocessed Sleep-EDF-78 dataset/SC4371F0.npz,c3ff1682c797d5d23ae5804a92f6587fff058ee259b9f0195eb9d66a6749afb9,,,918,all_epochs_waveform_verified,100.0,EEG Fpz-Cz,uV,,"[{""array_start"": 0, ""array_stop"": 918, ""original_start"": 832, ""original_stop"": 1750}]",5de2fce228a52c4c67f03aea2b05b2c476a6143546087698dec1f630e982ddf0,1932,unknown upstream script/policy
raw_sc,SC,SC:37,2,SC4372F0,/home/FA006/Desktop/Sleep_dl/SLeep_edf_fulldataset/physionet.org/files/sleep-edfx/1.0.0/sleep-cassette/SC4372F0-PSG.edf,67e39af089416532e067fb0d7c7487adff76823ef674d5634f5d475b9111cbf4,/home/FA006/Desktop/Sleep_dl/SLeep_edf_fulldataset/physionet.org/files/sleep-edfx/1.0.0/sleep-cassette/SC4372FC-Hypnogram.edf,3ca01f943a58b327530493911beaa0ea25594f4876bda1cc38951a9de092f235,2840,original_raw_grid,,,,,,,,
edf78_npz,SC,SC:37,2,SC4372F0,/home/FA006/Desktop/Dimension/dataset/Preprocessed Sleep-EDF-78 dataset/SC4372F0.npz,b78ef3b4503d2275e972f8ead041faa97c4c66caa64734265e32c7ad29ee44d2,,,1509,all_epochs_waveform_verified,100.0,EEG Fpz-Cz,uV,,"[{""array_start"": 0, ""array_stop"": 1509, ""original_start"": 218, ""original_stop"": 1727}]",bc0db33e9baa6b3f3e70f5b9574130c7c012e230aeb82c0bc44ed6a937502c02,1331,unknown upstream script/policy
raw_sc,SC,SC:38,1,SC4381F0,/home/FA006/Desktop/Sleep_dl/SLeep_edf_fulldataset/physionet.org/files/sleep-edfx/1.0.0/sleep-cassette/SC4381F0-PSG.edf,e34a980d8958ffe35da41ebe91d924ff7d7bb1be81f2bce761b20d43634967a2,/home/FA006/Desktop/Sleep_dl/SLeep_edf_fulldataset/physionet.org/files/sleep-edfx/1.0.0/sleep-cassette/SC4381FC-Hypnogram.edf,2f737acfb507c8e96d2acd5f41fcaa318366829351fbd494f5ffe6120e3e80d8,2750,original_raw_grid,,,,,,,,
edf78_npz,SC,SC:38,1,SC4381F0,/home/FA006/Desktop/Dimension/dataset/Preprocessed Sleep-EDF-78 dataset/SC4381F0.npz,af8aecde23a397bf8c84c573b7b7dd9d6df8e7515960cb649a254e3834355045,,,1776,all_epochs_waveform_verified,100.0,EEG Fpz-Cz,uV,,"[{""array_start"": 0, ""array_stop"": 1776, ""original_start"": 147, ""original_stop"": 1923}]",b736b3cb8add5615c5e27f5c35a4916b2ac59d4a78cfb1eb9ec6511346e80ee3,974,unknown upstream script/policy
raw_sc,SC,SC:38,2,SC4382F0,/home/FA006/Desktop/Sleep_dl/SLeep_edf_fulldataset/physionet.org/files/sleep-edfx/1.0.0/sleep-cassette/SC4382F0-PSG.edf,f898db13b93d2bb4622b8227d6aedd8741aa654c41ae53cedbbc95ca21d74ed4,/home/FA006/Desktop/Sleep_dl/SLeep_edf_fulldataset/physionet.org/files/sleep-edfx/1.0.0/sleep-cassette/SC4382FW-Hypnogram.edf,16d69d8a7bc5017b4c7af0aaad689aa634b2c638b4bb2fe7f8d64c8109a51457,2770,original_raw_grid,,,,,,,,
edf78_npz,SC,SC:38,2,SC4382F0,/home/FA006/Desktop/Dimension/dataset/Preprocessed Sleep-EDF-78 dataset/SC4382F0.npz,9cbabd85e71cbca92f330cfa8a173904e7d16ca67bdadf99c12778734ca4d783,,,1871,all_epochs_waveform_verified,100.0,EEG Fpz-Cz,uV,,"[{""array_start"": 0, ""array_stop"": 1871, ""original_start"": 115, ""original_stop"": 1986}]",92c7cf3f00600f9c2b030ae2bbf733501ddad4cc686adedd24174665394a5b51,899,unknown upstream script/policy
raw_sc,SC,SC:40,1,SC4401E0,/home/FA006/Desktop/Sleep_dl/SLeep_edf_fulldataset/physionet.org/files/sleep-edfx/1.0.0/sleep-cassette/SC4401E0-PSG.edf,8d82444a5dbcfe71d9854f3e06d5bf9961166cba9b48462985068cd3ccd08439,/home/FA006/Desktop/Sleep_dl/SLeep_edf_fulldataset/physionet.org/files/sleep-edfx/1.0.0/sleep-cassette/SC4401EC-Hypnogram.edf,b70a4f7573292282d06daecde23b1cff25766c8ca89ebac913ed30291191a96c,2630,original_raw_grid,,,,,,,,
edf78_npz,SC,SC:40,1,SC4401E0,/home/FA006/Desktop/Dimension/dataset/Preprocessed Sleep-EDF-78 dataset/SC4401E0.npz,9168e30a08f7d9ef2d95bfa2015ab0247528fe2a7effaa4de00cc83bedb3fb94,,,1064,all_epochs_waveform_verified,100.0,EEG Fpz-Cz,uV,,"[{""array_start"": 0, ""array_stop"": 1064, ""original_start"": 853, ""original_stop"": 1917}]",4d8812149ab5d2a24f8c4f9292a5d7391da7648d32362fec10b2e9e0b2029fca,1566,unknown upstream script/policy
raw_sc,SC,SC:40,2,SC4402E0,/home/FA006/Desktop/Sleep_dl/SLeep_edf_fulldataset/physionet.org/files/sleep-edfx/1.0.0/sleep-cassette/SC4402E0-PSG.edf,30094e0f3f53f66d481437b66289c044890930df94b7e75cf685936bb087ea49,/home/FA006/Desktop/Sleep_dl/SLeep_edf_fulldataset/physionet.org/files/sleep-edfx/1.0.0/sleep-cassette/SC4402EW-Hypnogram.edf,1053234b9c9c58569373207161074b6d1ffcc4693e1d0f722ae7e14336c1bc52,2790,original_raw_grid,,,,,,,,
edf78_npz,SC,SC:40,2,SC4402E0,/home/FA006/Desktop/Dimension/dataset/Preprocessed Sleep-EDF-78 dataset/SC4402E0.npz,93fa5fdaf7987dfc1051f92ce0f060d96d489738ca625504e2550185a5b54dff,,,1072,all_epochs_waveform_verified,100.0,EEG Fpz-Cz,uV,,"[{""array_start"": 0, ""array_stop"": 1072, ""original_start"": 962, ""original_stop"": 2034}]",b294fbb0f0daa66876e666ba1c060bb3e23b096123c5dcc0678b8229ea1d7ea7,1718,unknown upstream script/policy
raw_sc,SC,SC:41,1,SC4411E0,/home/FA006/Desktop/Sleep_dl/SLeep_edf_fulldataset/physionet.org/files/sleep-edfx/1.0.0/sleep-cassette/SC4411E0-PSG.edf,32d570e82f81c0e532cd29145b03acae41affbb8df6c543acf962b72e2848401,/home/FA006/Desktop/Sleep_dl/SLeep_edf_fulldataset/physionet.org/files/sleep-edfx/1.0.0/sleep-cassette/SC4411EJ-Hypnogram.edf,073b005bf8f0804ae52f60b394dd68b00426de8acbc23c6557e236d50edc60f2,2728,original_raw_grid,,,,,,,,
edf78_npz,SC,SC:41,1,SC4411E0,/home/FA006/Desktop/Dimension/dataset/Preprocessed Sleep-EDF-78 dataset/SC4411E0.npz,1d9a2e8dbb5d15b17256d972495fb272554c27ed1875b7839f50f123eaabcc7b,,,1078,all_epochs_waveform_verified,100.0,EEG Fpz-Cz,uV,,"[{""array_start"": 0, ""array_stop"": 1078, ""original_start"": 753, ""original_stop"": 1831}]",d49a6343943c8ed260e267bfa1e6235985dca737dce24e24bc476ef6cd20b186,1650,unknown upstream script/policy
raw_sc,SC,SC:41,2,SC4412E0,/home/FA006/Desktop/Sleep_dl/SLeep_edf_fulldataset/physionet.org/files/sleep-edfx/1.0.0/sleep-cassette/SC4412E0-PSG.edf,de7151a76a417096d44e40f9e9bed3bf887d7f8321ba4243b631e5fe54038057,/home/FA006/Desktop/Sleep_dl/SLeep_edf_fulldataset/physionet.org/files/sleep-edfx/1.0.0/sleep-cassette/SC4412EM-Hypnogram.edf,5c03e5c699832c91b688eff8004829e7767e8f95cf748bd286d8fcd0e6a2c7e4,2858,original_raw_grid,,,,,,,,
edf78_npz,SC,SC:41,2,SC4412E0,/home/FA006/Desktop/Dimension/dataset/Preprocessed Sleep-EDF-78 dataset/SC4412E0.npz,71f926ed61462e4b27e533c3c7330b1467a241f47b68d99da30505502bcdb619,,,924,all_epochs_waveform_verified,100.0,EEG Fpz-Cz,uV,,"[{""array_start"": 0, ""array_stop"": 924, ""original_start"": 826, ""original_stop"": 1750}]",1a126fd1884e022cdf0193fb1cdbb6fa587d980c2119a212b9028f70ec56a6ee,1934,unknown upstream script/policy
raw_sc,SC,SC:42,1,SC4421E0,/home/FA006/Desktop/Sleep_dl/SLeep_edf_fulldataset/physionet.org/files/sleep-edfx/1.0.0/sleep-cassette/SC4421E0-PSG.edf,5e7f23a1df290ec85f251fd2097135aa371dc7ed3d6d073ecd1442bb88d70e05,/home/FA006/Desktop/Sleep_dl/SLeep_edf_fulldataset/physionet.org/files/sleep-edfx/1.0.0/sleep-cassette/SC4421EA-Hypnogram.edf,77c74118334a1d4a2a6b1be55df611bc16b2721f0c26949331fe5f427787c0ab,2764,original_raw_grid,,,,,,,,
edf78_npz,SC,SC:42,1,SC4421E0,/home/FA006/Desktop/Dimension/dataset/Preprocessed Sleep-EDF-78 dataset/SC4421E0.npz,a72059afec2f401be98e1c1e9f091bdf41f9d1ac0b6df20a65df9f76ba802e81,,,785,all_epochs_waveform_verified,100.0,EEG Fpz-Cz,uV,,"[{""array_start"": 0, ""array_stop"": 785, ""original_start"": 1028, ""original_stop"": 1813}]",002575472a7058df2e72fa3fd37dc8fdba73797605d2d605419f7d363fe1029c,1979,unknown upstream script/policy
raw_sc,SC,SC:42,2,SC4422E0,/home/FA006/Desktop/Sleep_dl/SLeep_edf_fulldataset/physionet.org/files/sleep-edfx/1.0.0/sleep-cassette/SC4422E0-PSG.edf,1f06c1f24c8d049dad227358e3e898efeff8b634f36310f18db24d6ffcd6c693,/home/FA006/Desktop/Sleep_dl/SLeep_edf_fulldataset/physionet.org/files/sleep-edfx/1.0.0/sleep-cassette/SC4422EA-Hypnogram.edf,36fe5d418f7e1726f9c10ca9a807ba72678b938fcb632984a10a704033da145e,2682,original_raw_grid,,,,,,,,
edf78_npz,SC,SC:42,2,SC4422E0,/home/FA006/Desktop/Dimension/dataset/Preprocessed Sleep-EDF-78 dataset/SC4422E0.npz,20d8305812a66f07fc7bf6601d9864f8c5c658d9f9cf4fa87ac259af8945b89f,,,884,all_epochs_waveform_verified,100.0,EEG Fpz-Cz,uV,,"[{""array_start"": 0, ""array_stop"": 884, ""original_start"": 924, ""original_stop"": 1808}]",752d5902d3faef55d4f80dda07cd41b2d07cce946ac6302e7e1dc086a7d75a97,1798,unknown upstream script/policy
raw_sc,SC,SC:43,1,SC4431E0,/home/FA006/Desktop/Sleep_dl/SLeep_edf_fulldataset/physionet.org/files/sleep-edfx/1.0.0/sleep-cassette/SC4431E0-PSG.edf,6e9a0836272497616237ae34d7cb70a87bec678b8b774cd065e356c1c1b4a966,/home/FA006/Desktop/Sleep_dl/SLeep_edf_fulldataset/physionet.org/files/sleep-edfx/1.0.0/sleep-cassette/SC4431EM-Hypnogram.edf,633f97f810e0ca9a6a0e9220eb3d569c5ff5c86152cfd120c6e1d58f46a1a909,2810,original_raw_grid,,,,,,,,
edf78_npz,SC,SC:43,1,SC4431E0,/home/FA006/Desktop/Dimension/dataset/Preprocessed Sleep-EDF-78 dataset/SC4431E0.npz,0d0683fd105a034996d894d43d8029358a397e2ee53fe0f9896e005f1eb68f78,,,699,all_epochs_waveform_verified,100.0,EEG Fpz-Cz,uV,,"[{""array_start"": 0, ""array_stop"": 699, ""original_start"": 1129, ""original_stop"": 1828}]",a477617fc66bf7ab3371b2fc67b8fc6e9be2e59772e1a622c062e59215781807,2111,unknown upstream script/policy
raw_sc,SC,SC:43,2,SC4432E0,/home/FA006/Desktop/Sleep_dl/SLeep_edf_fulldataset/physionet.org/files/sleep-edfx/1.0.0/sleep-cassette/SC4432E0-PSG.edf,7cfa851e5319a4c7fbea24b8e605630524e42ee327a9b924e3c14bf72a4b99db,/home/FA006/Desktop/Sleep_dl/SLeep_edf_fulldataset/physionet.org/files/sleep-edfx/1.0.0/sleep-cassette/SC4432EM-Hypnogram.edf,19bc1115502dc7a2e31fc6f817dc6fe1560de21d8e2c6a806a04e5b1a2ce5b21,2780,original_raw_grid,,,,,,,,
edf78_npz,SC,SC:43,2,SC4432E0,/home/FA006/Desktop/Dimension/dataset/Preprocessed Sleep-EDF-78 dataset/SC4432E0.npz,564a2de23563d3e20897acb047c3ffaaa06d964c43134b451798224f2f132266,,,962,all_epochs_waveform_verified,100.0,EEG Fpz-Cz,uV,,"[{""array_start"": 0, ""array_stop"": 962, ""original_start"": 1114, ""original_stop"": 2076}]",eb68fe3affb78df48175c09c9ccb912b442d0adc814e046b0bc56ba6dc71eb62,1818,unknown upstream script/policy
raw_sc,SC,SC:44,1,SC4441E0,/home/FA006/Desktop/Sleep_dl/SLeep_edf_fulldataset/physionet.org/files/sleep-edfx/1.0.0/sleep-cassette/SC4441E0-PSG.edf,2e4629ee9fc70bf89fedde88805e9a33506bfe5f800b2e3e2dbf8c8b63237c9f,/home/FA006/Desktop/Sleep_dl/SLeep_edf_fulldataset/physionet.org/files/sleep-edfx/1.0.0/sleep-cassette/SC4441EC-Hypnogram.edf,53d89034a0b51533ffc0a25096dc17715668fad41d6ea117510f0e54e4de8516,2620,original_raw_grid,,,,,,,,
edf78_npz,SC,SC:44,1,SC4441E0,/home/FA006/Desktop/Dimension/dataset/Preprocessed Sleep-EDF-78 dataset/SC4441E0.npz,a3f02cf931d7e4bc598c2afe6af06107ac09f6fa6b152356aed6eb698f8640e8,,,1195,all_epochs_waveform_verified,100.0,EEG Fpz-Cz,uV,,"[{""array_start"": 0, ""array_stop"": 1195, ""original_start"": 910, ""original_stop"": 2105}]",d1e48502ac88947125449bb6a0eb78ad701cbd79150c5d299f1252386b59be65,1425,unknown upstream script/policy
raw_sc,SC,SC:44,2,SC4442E0,/home/FA006/Desktop/Sleep_dl/SLeep_edf_fulldataset/physionet.org/files/sleep-edfx/1.0.0/sleep-cassette/SC4442E0-PSG.edf,9e3b01ec4d56ed41d0fb20e699862ee244be38ffed78211a9b0b2bad60aeefd7,/home/FA006/Desktop/Sleep_dl/SLeep_edf_fulldataset/physionet.org/files/sleep-edfx/1.0.0/sleep-cassette/SC4442EV-Hypnogram.edf,1d2c83c0b217a57f4f9b59f1b7efb4c6c79aa0b49bf9c5526a945a93baf1a92c,2778,original_raw_grid,,,,,,,,
edf78_npz,SC,SC:44,2,SC4442E0,/home/FA006/Desktop/Dimension/dataset/Preprocessed Sleep-EDF-78 dataset/SC4442E0.npz,a4e638feaf5b22292103be27e240cbf4735eb8631983279373e455ed55d7e81c,,,1092,all_epochs_waveform_verified,100.0,EEG Fpz-Cz,uV,,"[{""array_start"": 0, ""array_stop"": 1092, ""original_start"": 998, ""original_stop"": 2090}]",e806b731a0712ed3bc51eef92b610b2cce524e55981679e75bbd336a0cace2fc,1686,unknown upstream script/policy
raw_sc,SC,SC:45,1,SC4451F0,/home/FA006/Desktop/Sleep_dl/SLeep_edf_fulldataset/physionet.org/files/sleep-edfx/1.0.0/sleep-cassette/SC4451F0-PSG.edf,aded35d3395744de786b4ea4f0c92bd4de03cd96ca7741135930f456824e5a59,/home/FA006/Desktop/Sleep_dl/SLeep_edf_fulldataset/physionet.org/files/sleep-edfx/1.0.0/sleep-cassette/SC4451FY-Hypnogram.edf,77872d764b530cdd2c5f320cee24cf00fc9c2e5c7420838038552c8b8ecf0d14,2790,original_raw_grid,,,,,,,,
edf78_npz,SC,SC:45,1,SC4451F0,/home/FA006/Desktop/Dimension/dataset/Preprocessed Sleep-EDF-78 dataset/SC4451F0.npz,830115e88a01a49ab49888b6b33692bf7482c80cf5ef0d1c508ffaa655ea8a2f,,,1208,all_epochs_waveform_verified,100.0,EEG Fpz-Cz,uV,,"[{""array_start"": 0, ""array_stop"": 1208, ""original_start"": 1047, ""original_stop"": 2255}]",6a01414be2191b0bb13e3c7c64184e944bb70d968a286f33c517a8fd343c185f,1582,unknown upstream script/policy
raw_sc,SC,SC:45,2,SC4452F0,/home/FA006/Desktop/Sleep_dl/SLeep_edf_fulldataset/physionet.org/files/sleep-edfx/1.0.0/sleep-cassette/SC4452F0-PSG.edf,3eb9bbe644762322f0817edb44098327b4701f752fd41fd01d526f1cb1776565,/home/FA006/Desktop/Sleep_dl/SLeep_edf_fulldataset/physionet.org/files/sleep-edfx/1.0.0/sleep-cassette/SC4452FW-Hypnogram.edf,8293fd807b176434ebcbb85a0a0e9406276b46265bbed3f1cb33f9b04f668802,2670,original_raw_grid,,,,,,,,
edf78_npz,SC,SC:45,2,SC4452F0,/home/FA006/Desktop/Dimension/dataset/Preprocessed Sleep-EDF-78 dataset/SC4452F0.npz,627dd87001d8bdab74f350f58b0adc5236db7dfd4361cd7825a3640a6d167266,,,1166,all_epochs_waveform_verified,100.0,EEG Fpz-Cz,uV,,"[{""array_start"": 0, ""array_stop"": 1166, ""original_start"": 1122, ""original_stop"": 2288}]",f462957f90e127ac310ceb060ab6a9cf38af8bdb9098aa9f8c61a3abb3e05c10,1504,unknown upstream script/policy
raw_sc,SC,SC:46,1,SC4461F0,/home/FA006/Desktop/Sleep_dl/SLeep_edf_fulldataset/physionet.org/files/sleep-edfx/1.0.0/sleep-cassette/SC4461F0-PSG.edf,2a0012026066f9287436df7c06d10aa6c76d3e0868497a011457f4ef3a3f2ae8,/home/FA006/Desktop/Sleep_dl/SLeep_edf_fulldataset/physionet.org/files/sleep-edfx/1.0.0/sleep-cassette/SC4461FA-Hypnogram.edf,49d38ed04c2d92c6eaafde5e1a37ab18ae73f865e6913d16f51327cc52b0e151,2696,original_raw_grid,,,,,,,,
edf78_npz,SC,SC:46,1,SC4461F0,/home/FA006/Desktop/Dimension/dataset/Preprocessed Sleep-EDF-78 dataset/SC4461F0.npz,b20b6cc66310c5ee7e0764dd0aab52985d54d79fc90dbe3b6ec51df3901f7026,,,983,all_epochs_waveform_verified,100.0,EEG Fpz-Cz,uV,,"[{""array_start"": 0, ""array_stop"": 387, ""original_start"": 1019, ""original_stop"": 1406}, {""array_start"": 387, ""array_stop"": 983, ""original_start"": 1407, ""original_stop"": 2003}]",4f04bf28f589eee4e8bde5560f5fb54d2fbe91b4e1ec0bb0223176dd7e6fc507,1713,unknown upstream script/policy
raw_sc,SC,SC:46,2,SC4462F0,/home/FA006/Desktop/Sleep_dl/SLeep_edf_fulldataset/physionet.org/files/sleep-edfx/1.0.0/sleep-cassette/SC4462F0-PSG.edf,91d44407df7503e28c8811384dc5987bea73deee39286245dedbb03350c2f6b7,/home/FA006/Desktop/Sleep_dl/SLeep_edf_fulldataset/physionet.org/files/sleep-edfx/1.0.0/sleep-cassette/SC4462FJ-Hypnogram.edf,5c94ccdade9c9365fb7003225cb99a393c505e0eb25cb72ff7648f8b27ca8ecc,2856,original_raw_grid,,,,,,,,
edf78_npz,SC,SC:46,2,SC4462F0,/home/FA006/Desktop/Dimension/dataset/Preprocessed Sleep-EDF-78 dataset/SC4462F0.npz,df4f2e71334a5ea03fc374c06167e1b4a649b2de9de987afa97271528a666658,,,1022,all_epochs_waveform_verified,100.0,EEG Fpz-Cz,uV,,"[{""array_start"": 0, ""array_stop"": 578, ""original_start"": 1148, ""original_stop"": 1726}, {""array_start"": 578, ""array_stop"": 608, ""original_start"": 1727, ""original_stop"": 1757}, {""array_start"": 608, ""array_stop"": 1022, ""original_start"": 1758, ""original_stop"": 2172}]",05f83d1779d01923cfaaccac2906ea930428996f20d97bf5448be587a4f8b659,1834,unknown upstream script/policy
raw_sc,SC,SC:47,1,SC4471F0,/home/FA006/Desktop/Sleep_dl/SLeep_edf_fulldataset/physionet.org/files/sleep-edfx/1.0.0/sleep-cassette/SC4471F0-PSG.edf,1216e1fd8c312048e73bc3c3fb1338d56e99a4aeb121875d606c85db7d4e4838,/home/FA006/Desktop/Sleep_dl/SLeep_edf_fulldataset/physionet.org/files/sleep-edfx/1.0.0/sleep-cassette/SC4471FA-Hypnogram.edf,8acd569ce8c34d0977b05265136262a92789ca10b3005dc6af072711075e6614,2740,original_raw_grid,,,,,,,,
edf78_npz,SC,SC:47,1,SC4471F0,/home/FA006/Desktop/Dimension/dataset/Preprocessed Sleep-EDF-78 dataset/SC4471F0.npz,2a0779a998e0394c1883bbce7d66209c5322edebc95f3b0a929b4220b6918132,,,1187,all_epochs_waveform_verified,100.0,EEG Fpz-Cz,uV,,"[{""array_start"": 0, ""array_stop"": 741, ""original_start"": 706, ""original_stop"": 1447}, {""array_start"": 741, ""array_stop"": 1187, ""original_start"": 1448, ""original_stop"": 1894}]",a9902f3fce8f8ccd12198eb50640ea4ef26ee9d54c8a10cfc90703534dccabb5,1553,unknown upstream script/policy
raw_sc,SC,SC:47,2,SC4472F0,/home/FA006/Desktop/Sleep_dl/SLeep_edf_fulldataset/physionet.org/files/sleep-edfx/1.0.0/sleep-cassette/SC4472F0-PSG.edf,d4e611e5fca8dd4619cb9701eaa87d13178f926d8c8a517644e9e0efa3f23a7e,/home/FA006/Desktop/Sleep_dl/SLeep_edf_fulldataset/physionet.org/files/sleep-edfx/1.0.0/sleep-cassette/SC4472FA-Hypnogram.edf,4efce6d76aac2869ff4c573d0ca0c550b3dee569e6562754e18e1b5e178ba09e,2790,original_raw_grid,,,,,,,,
edf78_npz,SC,SC:47,2,SC4472F0,/home/FA006/Desktop/Dimension/dataset/Preprocessed Sleep-EDF-78 dataset/SC4472F0.npz,5badb2fe8baa4f941a323df3e2283617bb807f5609072cdb0e8a75a5e0db0c4d,,,2161,all_epochs_waveform_verified,100.0,EEG Fpz-Cz,uV,,"[{""array_start"": 0, ""array_stop"": 558, ""original_start"": 628, ""original_stop"": 1186}, {""array_start"": 558, ""array_stop"": 2161, ""original_start"": 1187, ""original_stop"": 2790}]",ec6ab630d61f7fd1b2087df4a85466e57cac9558bf2a3272ee7dda0cf9089ef0,629,unknown upstream script/policy
raw_sc,SC,SC:48,1,SC4481F0,/home/FA006/Desktop/Sleep_dl/SLeep_edf_fulldataset/physionet.org/files/sleep-edfx/1.0.0/sleep-cassette/SC4481F0-PSG.edf,7a56e00c22bebe0ecf61dd8f953ecf3ec083e7e8f424a664f6ddf89f308a480c,/home/FA006/Desktop/Sleep_dl/SLeep_edf_fulldataset/physionet.org/files/sleep-edfx/1.0.0/sleep-cassette/SC4481FV-Hypnogram.edf,456ce586de5540d28628dd0dff223ece2bfb3b37ff3e267e588e47bcaf3745d1,2880,original_raw_grid,,,,,,,,
edf78_npz,SC,SC:48,1,SC4481F0,/home/FA006/Desktop/Dimension/dataset/Preprocessed Sleep-EDF-78 dataset/SC4481F0.npz,e5cfb21249d5446cde0a36a429603f49c77e0d145d5df7c22638245d5812b96a,,,2027,all_epochs_waveform_verified,100.0,EEG Fpz-Cz,uV,,"[{""array_start"": 0, ""array_stop"": 2027, ""original_start"": 853, ""original_stop"": 2880}]",a86e1ce6915b5e0911f00e1e5ab9f46d9de3fac425ae9d78df35f33bff630198,853,unknown upstream script/policy
raw_sc,SC,SC:48,2,SC4482F0,/home/FA006/Desktop/Sleep_dl/SLeep_edf_fulldataset/physionet.org/files/sleep-edfx/1.0.0/sleep-cassette/SC4482F0-PSG.edf,34c6706b34f1e8eda2966952e1a2a2f6712583628af35f42845b6f2508e7e094,/home/FA006/Desktop/Sleep_dl/SLeep_edf_fulldataset/physionet.org/files/sleep-edfx/1.0.0/sleep-cassette/SC4482FJ-Hypnogram.edf,0f4fc4268884ed16b6fc4a151f60b624a1279b4de8b807221092963e07782fd2,2880,original_raw_grid,,,,,,,,
edf78_npz,SC,SC:48,2,SC4482F0,/home/FA006/Desktop/Dimension/dataset/Preprocessed Sleep-EDF-78 dataset/SC4482F0.npz,ff70ddb8e7d5d76e7fcec312cd1d98948e59a0c52551aeaedc48d6c682e70b4c,,,1910,all_epochs_waveform_verified,100.0,EEG Fpz-Cz,uV,,"[{""array_start"": 0, ""array_stop"": 1910, ""original_start"": 910, ""original_stop"": 2820}]",36efbe5c0efcceaa1de204ed5b62573733b1ddfa9aec31aa5a7aaaef5441592c,970,unknown upstream script/policy
raw_sc,SC,SC:49,1,SC4491G0,/home/FA006/Desktop/Sleep_dl/SLeep_edf_fulldataset/physionet.org/files/sleep-edfx/1.0.0/sleep-cassette/SC4491G0-PSG.edf,664f8984ee11f1cbe7ae5831d83c93892061903a8914a14e9727fcca968abad5,/home/FA006/Desktop/Sleep_dl/SLeep_edf_fulldataset/physionet.org/files/sleep-edfx/1.0.0/sleep-cassette/SC4491GJ-Hypnogram.edf,3344a2b845b3cbf57bc7f52fd825ee19dbac12e1577f84b0f3d612e4b033b904,2800,original_raw_grid,,,,,,,,
edf78_npz,SC,SC:49,1,SC4491G0,/home/FA006/Desktop/Dimension/dataset/Preprocessed Sleep-EDF-78 dataset/SC4491G0.npz,65039d872202ca073688b517dc9136e967310290591daa23648ad0222ad38847,,,1101,all_epochs_waveform_verified,100.0,EEG Fpz-Cz,uV,,"[{""array_start"": 0, ""array_stop"": 1101, ""original_start"": 932, ""original_stop"": 2033}]",58476fd4350720fa07004486a4cc3b0429a13abc99e4777cb74ad351dde801bc,1699,unknown upstream script/policy
raw_sc,SC,SC:49,2,SC4492G0,/home/FA006/Desktop/Sleep_dl/SLeep_edf_fulldataset/physionet.org/files/sleep-edfx/1.0.0/sleep-cassette/SC4492G0-PSG.edf,7e47f1285d5859c22a8857c3d7247a38cfcd65aef0402278d6d8874f822bb7ce,/home/FA006/Desktop/Sleep_dl/SLeep_edf_fulldataset/physionet.org/files/sleep-edfx/1.0.0/sleep-cassette/SC4492GJ-Hypnogram.edf,3be7b6f38459261af41a3046fe48200a4db8c9c513227cc0ee8495737b0de28b,2136,original_raw_grid,,,,,,,,
edf78_npz,SC,SC:49,2,SC4492G0,/home/FA006/Desktop/Dimension/dataset/Preprocessed Sleep-EDF-78 dataset/SC4492G0.npz,d236260f89238c7bae3f2f51bf5eb88dc6f0f364f3da5276d5039372c53f57c9,,,1040,all_epochs_waveform_verified,100.0,EEG Fpz-Cz,uV,,"[{""array_start"": 0, ""array_stop"": 575, ""original_start"": 1066, ""original_stop"": 1641}, {""array_start"": 575, ""array_stop"": 1040, ""original_start"": 1642, ""original_stop"": 2107}]",976afc415e0ce7988a8ca75a235cc1a99d7620f9cb1829cbc9914d429baaf51b,1096,unknown upstream script/policy
raw_sc,SC,SC:50,1,SC4501E0,/home/FA006/Desktop/Sleep_dl/SLeep_edf_fulldataset/physionet.org/files/sleep-edfx/1.0.0/sleep-cassette/SC4501E0-PSG.edf,f190968b451b22d71124c4389062b67ebb2382d11dbe7b71f6d4bd42a3859dec,/home/FA006/Desktop/Sleep_dl/SLeep_edf_fulldataset/physionet.org/files/sleep-edfx/1.0.0/sleep-cassette/SC4501EW-Hypnogram.edf,abf9ef0f7c6d4f7af3fbfdb2c80a97e8554e795194679565b9ed1fc988d01f1c,2750,original_raw_grid,,,,,,,,
edf78_npz,SC,SC:50,1,SC4501E0,/home/FA006/Desktop/Dimension/dataset/Preprocessed Sleep-EDF-78 dataset/SC4501E0.npz,510982ec7afe437241dcd083ed80b5166d9418352f7a0578fc781a3954f1c04b,,,1326,all_epochs_waveform_verified,100.0,EEG Fpz-Cz,uV,,"[{""array_start"": 0, ""array_stop"": 1326, ""original_start"": 698, ""original_stop"": 2024}]",c75b8991b33afaaa239b052bdb4a286cbcb423a88c75868b4e4828a80a543a59,1424,unknown upstream script/policy
raw_sc,SC,SC:50,2,SC4502E0,/home/FA006/Desktop/Sleep_dl/SLeep_edf_fulldataset/physionet.org/files/sleep-edfx/1.0.0/sleep-cassette/SC4502E0-PSG.edf,e2f296d88688f3595d3221a0e4dedfbe99f872bb8cddb54bd08dec79b76f9f92,/home/FA006/Desktop/Sleep_dl/SLeep_edf_fulldataset/physionet.org/files/sleep-edfx/1.0.0/sleep-cassette/SC4502EM-Hypnogram.edf,09da37aa4f2c7bb090c631c49d1452fa0b776736e2319049cf5dc9ec09e9d79b,2770,original_raw_grid,,,,,,,,
edf78_npz,SC,SC:50,2,SC4502E0,/home/FA006/Desktop/Dimension/dataset/Preprocessed Sleep-EDF-78 dataset/SC4502E0.npz,c64f08c00713047381690d32a9b47885a160db221b7a3ec1c53f7a2d6eaa6e07,,,1103,all_epochs_waveform_verified,100.0,EEG Fpz-Cz,uV,,"[{""array_start"": 0, ""array_stop"": 1103, ""original_start"": 899, ""original_stop"": 2002}]",7771ccd0f059bf89ceede1f75fc5529ae5c03fcc3e0447f0e942ee6f5299f29e,1667,unknown upstream script/policy
raw_sc,SC,SC:51,1,SC4511E0,/home/FA006/Desktop/Sleep_dl/SLeep_edf_fulldataset/physionet.org/files/sleep-edfx/1.0.0/sleep-cassette/SC4511E0-PSG.edf,9244438e63c66ec19885336e76570fa272e09582849662d4541226950e5ec12b,/home/FA006/Desktop/Sleep_dl/SLeep_edf_fulldataset/physionet.org/files/sleep-edfx/1.0.0/sleep-cassette/SC4511EJ-Hypnogram.edf,ff5cabb5347dce8c0706b701e6db5505512791b0da6d2dd18c076f87fb6eadf6,2712,original_raw_grid,,,,,,,,
edf78_npz,SC,SC:51,1,SC4511E0,/home/FA006/Desktop/Dimension/dataset/Preprocessed Sleep-EDF-78 dataset/SC4511E0.npz,a7ccdcb0b6fb0784dbe1e73fbabea8f586e2d584c3521cf3e9f8f470134b68a2,,,1087,all_epochs_waveform_verified,100.0,EEG Fpz-Cz,uV,,"[{""array_start"": 0, ""array_stop"": 1087, ""original_start"": 772, ""original_stop"": 1859}]",4066a24b05c1b61055f93b6656c6f19d61d73f5896930b232bb98b864da82c3f,1625,unknown upstream script/policy
raw_sc,SC,SC:51,2,SC4512E0,/home/FA006/Desktop/Sleep_dl/SLeep_edf_fulldataset/physionet.org/files/sleep-edfx/1.0.0/sleep-cassette/SC4512E0-PSG.edf,061905f65dde19d5b03ee846edf50ee195870ee1b44c9899da577dbbaaeee2bb,/home/FA006/Desktop/Sleep_dl/SLeep_edf_fulldataset/physionet.org/files/sleep-edfx/1.0.0/sleep-cassette/SC4512EW-Hypnogram.edf,414a4be8a5a5b41b7c479525ee6cf6b0afcb0a67d2de50be8077a586964821ec,2750,original_raw_grid,,,,,,,,
edf78_npz,SC,SC:51,2,SC4512E0,/home/FA006/Desktop/Dimension/dataset/Preprocessed Sleep-EDF-78 dataset/SC4512E0.npz,ee2eb8d2b0841a611487c6fbd995a6e57ea21ef7ada4cc573c2fb7c85aa8b5bb,,,954,all_epochs_waveform_verified,100.0,EEG Fpz-Cz,uV,,"[{""array_start"": 0, ""array_stop"": 954, ""original_start"": 974, ""original_stop"": 1928}]",3b934292badd5e9bffc0f24ab823e8dbb444d3e2e137a349ec7f20cbd8b35184,1796,unknown upstream script/policy
raw_sc,SC,SC:52,2,SC4522E0,/home/FA006/Desktop/Sleep_dl/SLeep_edf_fulldataset/physionet.org/files/sleep-edfx/1.0.0/sleep-cassette/SC4522E0-PSG.edf,6ece627a2e12eb99095c8070d771a8d02f32b95085dad515e718ba087338a66f,/home/FA006/Desktop/Sleep_dl/SLeep_edf_fulldataset/physionet.org/files/sleep-edfx/1.0.0/sleep-cassette/SC4522EM-Hypnogram.edf,2d3f960276b8d0a021f29da5be1c3ae8e96f44cbc6157cc83c675347a7396e5c,2774,original_raw_grid,,,,,,,,
edf78_npz,SC,SC:52,2,SC4522E0,/home/FA006/Desktop/Dimension/dataset/Preprocessed Sleep-EDF-78 dataset/SC4522E0.npz,451f9b30b3ae81c734189dd0a8c1fcdfc0b6a3b69e9b32e3e63cc27b00d248e3,,,997,all_epochs_waveform_verified,100.0,EEG Fpz-Cz,uV,,"[{""array_start"": 0, ""array_stop"": 997, ""original_start"": 1008, ""original_stop"": 2005}]",0c0df0acc83e10279c7ef1320ca24bc5cd524a7bf998e15df335c994b0848486,1777,unknown upstream script/policy
raw_sc,SC,SC:53,1,SC4531E0,/home/FA006/Desktop/Sleep_dl/SLeep_edf_fulldataset/physionet.org/files/sleep-edfx/1.0.0/sleep-cassette/SC4531E0-PSG.edf,ae58a7b3f14426be2e54633d27397aa5d1186d48790b3f91f6c8df9600d2d19a,/home/FA006/Desktop/Sleep_dl/SLeep_edf_fulldataset/physionet.org/files/sleep-edfx/1.0.0/sleep-cassette/SC4531EM-Hypnogram.edf,f868878c0f9033513671a72a75aa9e34a2a31c1dfed4f87a4a6e040ca100c35a,2602,original_raw_grid,,,,,,,,
edf78_npz,SC,SC:53,1,SC4531E0,/home/FA006/Desktop/Dimension/dataset/Preprocessed Sleep-EDF-78 dataset/SC4531E0.npz,65fdab0f8102789a1625dd1703ac5b9449a374e2faad10f1316c700a36de542e,,,1096,all_epochs_waveform_verified,100.0,EEG Fpz-Cz,uV,,"[{""array_start"": 0, ""array_stop"": 1096, ""original_start"": 813, ""original_stop"": 1909}]",8a43d9e23e1b491e36b079083b7b0888563fd8fffdea97c12b857c2a8e1470e4,1506,unknown upstream script/policy
raw_sc,SC,SC:53,2,SC4532E0,/home/FA006/Desktop/Sleep_dl/SLeep_edf_fulldataset/physionet.org/files/sleep-edfx/1.0.0/sleep-cassette/SC4532E0-PSG.edf,66c91fc28e371315f84eb483f629ca2e2c0cda25c1b2645331094da08e197654,/home/FA006/Desktop/Sleep_dl/SLeep_edf_fulldataset/physionet.org/files/sleep-edfx/1.0.0/sleep-cassette/SC4532EV-Hypnogram.edf,af71ed868eaa43a9acd5638d55689e44cfa0601343ce49b4d5c7603268617492,2744,original_raw_grid,,,,,,,,
edf78_npz,SC,SC:53,2,SC4532E0,/home/FA006/Desktop/Dimension/dataset/Preprocessed Sleep-EDF-78 dataset/SC4532E0.npz,073312afe2d65420c22f11f2689aecfb0c7b0013aab40b2b46ea171c90e52422,,,1056,all_epochs_waveform_verified,100.0,EEG Fpz-Cz,uV,,"[{""array_start"": 0, ""array_stop"": 1056, ""original_start"": 1016, ""original_stop"": 2072}]",6c511be9c66d2fc315d676ff07f43b8dcb41200a3bae359296f82014c572e925,1688,unknown upstream script/policy
raw_sc,SC,SC:54,1,SC4541F0,/home/FA006/Desktop/Sleep_dl/SLeep_edf_fulldataset/physionet.org/files/sleep-edfx/1.0.0/sleep-cassette/SC4541F0-PSG.edf,ca9224ac66020bd71e1c75394fcc6332520334c367c75d1e4885ea86a543e0a6,/home/FA006/Desktop/Sleep_dl/SLeep_edf_fulldataset/physionet.org/files/sleep-edfx/1.0.0/sleep-cassette/SC4541FA-Hypnogram.edf,d91f3686fa7b5e473222117d10471c02e859b4eb8b1f99ee0977e1f7e709b5fe,2740,original_raw_grid,,,,,,,,
edf78_npz,SC,SC:54,1,SC4541F0,/home/FA006/Desktop/Dimension/dataset/Preprocessed Sleep-EDF-78 dataset/SC4541F0.npz,15fa8978928cba79a46cbb8f0fca4a5546657188918ca736dc3895471a3fc356,,,1716,all_epochs_waveform_verified,100.0,EEG Fpz-Cz,uV,,"[{""array_start"": 0, ""array_stop"": 920, ""original_start"": 473, ""original_stop"": 1393}, {""array_start"": 920, ""array_stop"": 1716, ""original_start"": 1394, ""original_stop"": 2190}]",abdd6d47be59415f900f7047d4d273dae3d1fd8efcdaa029b1fbb9433b195da3,1024,unknown upstream script/policy
raw_sc,SC,SC:54,2,SC4542F0,/home/FA006/Desktop/Sleep_dl/SLeep_edf_fulldataset/physionet.org/files/sleep-edfx/1.0.0/sleep-cassette/SC4542F0-PSG.edf,f872fe4bb0fed00df3c80b2690bd216e48c36d481b567cad2dcd7b3928936c6b,/home/FA006/Desktop/Sleep_dl/SLeep_edf_fulldataset/physionet.org/files/sleep-edfx/1.0.0/sleep-cassette/SC4542FW-Hypnogram.edf,9fa7ef036dc0c87576b0a353dde155bac5379e6328ad8b9f79ad77adc9c70cfd,2680,original_raw_grid,,,,,,,,
edf78_npz,SC,SC:54,2,SC4542F0,/home/FA006/Desktop/Dimension/dataset/Preprocessed Sleep-EDF-78 dataset/SC4542F0.npz,2d6e63ab9debaa316f6474c81170f32a4da83f71529d510333c085aca024da8c,,,1148,all_epochs_waveform_verified,100.0,EEG Fpz-Cz,uV,,"[{""array_start"": 0, ""array_stop"": 1148, ""original_start"": 1152, ""original_stop"": 2300}]",e310091e6a9c32f91bfed13cc20c9b456140d0ed052e3737466fe7ca5f61c383,1532,unknown upstream script/policy
raw_sc,SC,SC:55,1,SC4551F0,/home/FA006/Desktop/Sleep_dl/SLeep_edf_fulldataset/physionet.org/files/sleep-edfx/1.0.0/sleep-cassette/SC4551F0-PSG.edf,f5cd1f9e38689e8025b3de7aea2a8bfa06a378797f4de34aad006dbdcef9b6a8,/home/FA006/Desktop/Sleep_dl/SLeep_edf_fulldataset/physionet.org/files/sleep-edfx/1.0.0/sleep-cassette/SC4551FC-Hypnogram.edf,28111a7497214a32e737ae9a7a91198a78c2b56ddc5e6ba50feaa31427e1c761,2772,original_raw_grid,,,,,,,,
edf78_npz,SC,SC:55,1,SC4551F0,/home/FA006/Desktop/Dimension/dataset/Preprocessed Sleep-EDF-78 dataset/SC4551F0.npz,3894da66f78bb1b60c0f850a84b58d854360a3b9371678844017904f351cbb5d,,,1047,all_epochs_waveform_verified,100.0,EEG Fpz-Cz,uV,,"[{""array_start"": 0, ""array_stop"": 1047, ""original_start"": 848, ""original_stop"": 1895}]",4013bd2736bf3e6b8c5a4ce3a35d11e6a58dec42b140eb5bd2f8de00260e0479,1725,unknown upstream script/policy
raw_sc,SC,SC:55,2,SC4552F0,/home/FA006/Desktop/Sleep_dl/SLeep_edf_fulldataset/physionet.org/files/sleep-edfx/1.0.0/sleep-cassette/SC4552F0-PSG.edf,5ffe3e5c630d9eb64843157ed7c74a31372afe402f2d97c05ebf1a0b033d57fd,/home/FA006/Desktop/Sleep_dl/SLeep_edf_fulldataset/physionet.org/files/sleep-edfx/1.0.0/sleep-cassette/SC4552FW-Hypnogram.edf,1dbebb9c05574ad02aa47ecc6dbcb9ae79c8c47d3db1939430e1825dff273210,2810,original_raw_grid,,,,,,,,
edf78_npz,SC,SC:55,2,SC4552F0,/home/FA006/Desktop/Dimension/dataset/Preprocessed Sleep-EDF-78 dataset/SC4552F0.npz,abf633b137ad13cd09a348c5a43ddc1c6b302808ae1afb941af402f6efc46086,,,1090,all_epochs_waveform_verified,100.0,EEG Fpz-Cz,uV,,"[{""array_start"": 0, ""array_stop"": 1090, ""original_start"": 770, ""original_stop"": 1860}]",8f68828abc28ca1947da62336cc5b896712c9de98fc23199dc2a7185f99edf81,1720,unknown upstream script/policy
raw_sc,SC,SC:56,1,SC4561F0,/home/FA006/Desktop/Sleep_dl/SLeep_edf_fulldataset/physionet.org/files/sleep-edfx/1.0.0/sleep-cassette/SC4561F0-PSG.edf,4502a17ad0b338bd11a2f6a1d0663adcb081478f43af96ecac983afca14532ea,/home/FA006/Desktop/Sleep_dl/SLeep_edf_fulldataset/physionet.org/files/sleep-edfx/1.0.0/sleep-cassette/SC4561FJ-Hypnogram.edf,d8bff828c7e36b2782977ae6604fdaf9e49c49a3a380e23f2bb5470cdd766124,2704,original_raw_grid,,,,,,,,
edf78_npz,SC,SC:56,1,SC4561F0,/home/FA006/Desktop/Dimension/dataset/Preprocessed Sleep-EDF-78 dataset/SC4561F0.npz,87c3a813be2f3cf1793c65595e7d2b1704446d643d2819f99669069c8db3fdbc,,,1237,all_epochs_waveform_verified,100.0,EEG Fpz-Cz,uV,,"[{""array_start"": 0, ""array_stop"": 546, ""original_start"": 841, ""original_stop"": 1387}, {""array_start"": 546, ""array_stop"": 553, ""original_start"": 1388, ""original_stop"": 1395}, {""array_start"": 553, ""array_stop"": 1237, ""original_start"": 1396, ""original_stop"": 2080}]",9538b8e0f32c6ff2cc13cccd1d4802d9618f7e797a073671f3afd54f01b56e82,1467,unknown upstream script/policy
raw_sc,SC,SC:56,2,SC4562F0,/home/FA006/Desktop/Sleep_dl/SLeep_edf_fulldataset/physionet.org/files/sleep-edfx/1.0.0/sleep-cassette/SC4562F0-PSG.edf,f0c225e3a648f47bfd4de3bb5fffc835f378681088fcb34d9db249027e786584,/home/FA006/Desktop/Sleep_dl/SLeep_edf_fulldataset/physionet.org/files/sleep-edfx/1.0.0/sleep-cassette/SC4562FJ-Hypnogram.edf,abaea931376136b5cb05e12f04413e26821d79e1bf0e4d25753e8927f51f1fdc,2800,original_raw_grid,,,,,,,,
edf78_npz,SC,SC:56,2,SC4562F0,/home/FA006/Desktop/Dimension/dataset/Preprocessed Sleep-EDF-78 dataset/SC4562F0.npz,9142a579b3e75418d7a5dfefb59c420a7db0fe23cdfad274ec865a1cd6ae4551,,,1148,all_epochs_waveform_verified,100.0,EEG Fpz-Cz,uV,,"[{""array_start"": 0, ""array_stop"": 1148, ""original_start"": 955, ""original_stop"": 2103}]",a8f732524998e6abf7280ba45ed51b31a01c497c3aed148ac86d551a37229717,1652,unknown upstream script/policy
raw_sc,SC,SC:57,1,SC4571F0,/home/FA006/Desktop/Sleep_dl/SLeep_edf_fulldataset/physionet.org/files/sleep-edfx/1.0.0/sleep-cassette/SC4571F0-PSG.edf,8723c7e85ea8482c67165736a99e87dc868edd8755cdc2fb2349dc411fd00e7f,/home/FA006/Desktop/Sleep_dl/SLeep_edf_fulldataset/physionet.org/files/sleep-edfx/1.0.0/sleep-cassette/SC4571FV-Hypnogram.edf,65cbc1d2937400b9bd366cb18af4eb3e113d6a0e4a6f78e761a15a92ead21c9e,2850,original_raw_grid,,,,,,,,
edf78_npz,SC,SC:57,1,SC4571F0,/home/FA006/Desktop/Dimension/dataset/Preprocessed Sleep-EDF-78 dataset/SC4571F0.npz,904b6b003f8a1f860f2907bf64376e3ab4932675c33ae407d3f11b3980cfd4c4,,,1236,all_epochs_waveform_verified,100.0,EEG Fpz-Cz,uV,,"[{""array_start"": 0, ""array_stop"": 1227, ""original_start"": 860, ""original_stop"": 2087}, {""array_start"": 1227, ""array_stop"": 1236, ""original_start"": 2101, ""original_stop"": 2110}]",0496482eb47b3ebdff7f4bfb2d86ecd3e428b61728f9859b01902fb4117a9739,1614,unknown upstream script/policy
raw_sc,SC,SC:57,2,SC4572F0,/home/FA006/Desktop/Sleep_dl/SLeep_edf_fulldataset/physionet.org/files/sleep-edfx/1.0.0/sleep-cassette/SC4572F0-PSG.edf,dba28022ab2126a7038b684e93af34d2d5e1123e9a97adbe313c37439e3a8700,/home/FA006/Desktop/Sleep_dl/SLeep_edf_fulldataset/physionet.org/files/sleep-edfx/1.0.0/sleep-cassette/SC4572FC-Hypnogram.edf,042bef1cf7c77e17c9187fba963457e029f7edd8057d52bccd863a64be0d5a48,2880,original_raw_grid,,,,,,,,
edf78_npz,SC,SC:57,2,SC4572F0,/home/FA006/Desktop/Dimension/dataset/Preprocessed Sleep-EDF-78 dataset/SC4572F0.npz,f7d7eb8493a3cec835910aea99c16da0481fca4191fe9b40f159170f23b6e060,,,1095,all_epochs_waveform_verified,100.0,EEG Fpz-Cz,uV,,"[{""array_start"": 0, ""array_stop"": 721, ""original_start"": 958, ""original_stop"": 1679}, {""array_start"": 721, ""array_stop"": 873, ""original_start"": 1680, ""original_stop"": 1832}, {""array_start"": 873, ""array_stop"": 899, ""original_start"": 1833, ""original_stop"": 1859}, {""array_start"": 899, ""array_stop"": 905, ""original_start"": 1860, ""original_stop"": 1866}, {""array_start"": 905, ""array_stop"": 962, ""original_start"": 1867, ""original_stop"": 1924}, {""array_start"": 962, ""array_stop"": 985, ""original_start"": 1925, ""original_stop"": 1948}, {""array_start"": 985, ""array_stop"": 1007, ""original_start"": 1949, ""original_stop"": 1971}, {""array_start"": 1007, ""array_stop"": 1095, ""original_start"": 1972, ""original_stop"": 2060}]",e195bf302c0b1d3c8bcce43a7e6593b9bc954536085d8041a4a50895890f6d3f,1785,unknown upstream script/policy
raw_sc,SC,SC:58,1,SC4581G0,/home/FA006/Desktop/Sleep_dl/SLeep_edf_fulldataset/physionet.org/files/sleep-edfx/1.0.0/sleep-cassette/SC4581G0-PSG.edf,23f3465f2b6fef1c7fdcc0552bd88453a38fd08516fec3b556689a3bde7c862e,/home/FA006/Desktop/Sleep_dl/SLeep_edf_fulldataset/physionet.org/files/sleep-edfx/1.0.0/sleep-cassette/SC4581GM-Hypnogram.edf,7a49c2fe1c743b15e0b84d9f24ea0e383edd081094214de8cdd945a08b6f8115,2738,original_raw_grid,,,,,,,,
edf78_npz,SC,SC:58,1,SC4581G0,/home/FA006/Desktop/Dimension/dataset/Preprocessed Sleep-EDF-78 dataset/SC4581G0.npz,bb2038bdb1cae38c51b3a71a7d74810660e48b9421788c92f103d823bede8be9,,,1095,all_epochs_waveform_verified,100.0,EEG Fpz-Cz,uV,,"[{""array_start"": 0, ""array_stop"": 1095, ""original_start"": 830, ""original_stop"": 1925}]",8c47a04ef9fcec1319211bd0207945d33e61bc38715b56a225a1b05e87382309,1643,unknown upstream script/policy
raw_sc,SC,SC:58,2,SC4582G0,/home/FA006/Desktop/Sleep_dl/SLeep_edf_fulldataset/physionet.org/files/sleep-edfx/1.0.0/sleep-cassette/SC4582G0-PSG.edf,afeb1edb9527666966faaaebc9605702618897c8dff8cd7f6ea9f0df5079588a,/home/FA006/Desktop/Sleep_dl/SLeep_edf_fulldataset/physionet.org/files/sleep-edfx/1.0.0/sleep-cassette/SC4582GP-Hypnogram.edf,f4a38a3a84f7f41be1fb4f6c3123da213d88d1e3a40c8f857b8f68483bf93e9c,2634,original_raw_grid,,,,,,,,
edf78_npz,SC,SC:58,2,SC4582G0,/home/FA006/Desktop/Dimension/dataset/Preprocessed Sleep-EDF-78 dataset/SC4582G0.npz,1932d0dd0b405d0e69c27eff808571c55b397cd7cb40ef02140b19cb15b63854,,,1175,all_epochs_waveform_verified,100.0,EEG Fpz-Cz,uV,,"[{""array_start"": 0, ""array_stop"": 1175, ""original_start"": 935, ""original_stop"": 2110}]",b070a0fa644e876132c84b7f2cda35971b8a6823731016d1eae1cc087a6a537c,1459,unknown upstream script/policy
raw_sc,SC,SC:59,1,SC4591G0,/home/FA006/Desktop/Sleep_dl/SLeep_edf_fulldataset/physionet.org/files/sleep-edfx/1.0.0/sleep-cassette/SC4591G0-PSG.edf,a431cc1ee40111ec37d74db3643bb0cb92577695caa58e2d4741b07ac9521f63,/home/FA006/Desktop/Sleep_dl/SLeep_edf_fulldataset/physionet.org/files/sleep-edfx/1.0.0/sleep-cassette/SC4591GY-Hypnogram.edf,b12550b005505b2e34d349e1d2954a78eb1fc38b5f560831c77d1d578a693c1b,2820,original_raw_grid,,,,,,,,
edf78_npz,SC,SC:59,1,SC4591G0,/home/FA006/Desktop/Dimension/dataset/Preprocessed Sleep-EDF-78 dataset/SC4591G0.npz,a496fdd47a1c3c46a5f24315cd9eccd336ad9a70dfc7156ac9469150da91e6ec,,,1840,all_epochs_waveform_verified,100.0,EEG Fpz-Cz,uV,,"[{""array_start"": 0, ""array_stop"": 275, ""original_start"": 912, ""original_stop"": 1187}, {""array_start"": 275, ""array_stop"": 1840, ""original_start"": 1188, ""original_stop"": 2753}]",5b40eabca97ec88cef0ded5325ce9f8d45123e3a8442eca44489a2bc4dced859,980,unknown upstream script/policy
raw_sc,SC,SC:59,2,SC4592G0,/home/FA006/Desktop/Sleep_dl/SLeep_edf_fulldataset/physionet.org/files/sleep-edfx/1.0.0/sleep-cassette/SC4592G0-PSG.edf,cdbfa11faa904f2aaa5ac5ee732027926078c54afa43d05cf585f15eda1bdbdb,/home/FA006/Desktop/Sleep_dl/SLeep_edf_fulldataset/physionet.org/files/sleep-edfx/1.0.0/sleep-cassette/SC4592GY-Hypnogram.edf,4e15d37fd529a714afce9ee0781a0152bd3480476bce0e121107ae75a2eddc75,2040,original_raw_grid,,,,,,,,
edf78_npz,SC,SC:59,2,SC4592G0,/home/FA006/Desktop/Dimension/dataset/Preprocessed Sleep-EDF-78 dataset/SC4592G0.npz,0d276d558a021ab3061bc42f45154d54750f7901ebc1e0e261e964c7a98cd621,,,1231,all_epochs_waveform_verified,100.0,EEG Fpz-Cz,uV,,"[{""array_start"": 0, ""array_stop"": 1231, ""original_start"": 809, ""original_stop"": 2040}]",84ed9926935b93753b97b81158669df09e64a16846cfb926a9f2438730d5899f,809,unknown upstream script/policy
raw_sc,SC,SC:60,1,SC4601E0,/home/FA006/Desktop/Sleep_dl/SLeep_edf_fulldataset/physionet.org/files/sleep-edfx/1.0.0/sleep-cassette/SC4601E0-PSG.edf,159514acb5f9dcbba33e40ab781d4d71e19a5f5cae930846957aa48bd4ff19f4,/home/FA006/Desktop/Sleep_dl/SLeep_edf_fulldataset/physionet.org/files/sleep-edfx/1.0.0/sleep-cassette/SC4601EC-Hypnogram.edf,bb77c61a47ac4b4fd5eeeda3bac2d3a7f26c232ce5fd69d885992ad0878d0086,2730,original_raw_grid,,,,,,,,
edf78_npz,SC,SC:60,1,SC4601E0,/home/FA006/Desktop/Dimension/dataset/Preprocessed Sleep-EDF-78 dataset/SC4601E0.npz,6c1407cc0f4b4376c7d8a9c2be598acbe4fdbeea6ad662e9606064711437c3fe,,,1349,all_epochs_waveform_verified,100.0,EEG Fpz-Cz,uV,,"[{""array_start"": 0, ""array_stop"": 1349, ""original_start"": 667, ""original_stop"": 2016}]",f66cad7f297209f0f4485a67e503f82e9e2014135c54f5f8a1504dbccfc83019,1381,unknown upstream script/policy
raw_sc,SC,SC:60,2,SC4602E0,/home/FA006/Desktop/Sleep_dl/SLeep_edf_fulldataset/physionet.org/files/sleep-edfx/1.0.0/sleep-cassette/SC4602E0-PSG.edf,2a44de77f58ec38d705b5d05d841b8a9f30319d0a760e81ccfd2dd59d53be560,/home/FA006/Desktop/Sleep_dl/SLeep_edf_fulldataset/physionet.org/files/sleep-edfx/1.0.0/sleep-cassette/SC4602EJ-Hypnogram.edf,794d1fb5b2a1bdf5b24ef34bb0adeac08b7b1ef1c38e63587ec72431370a36f9,2800,original_raw_grid,,,,,,,,
edf78_npz,SC,SC:60,2,SC4602E0,/home/FA006/Desktop/Dimension/dataset/Preprocessed Sleep-EDF-78 dataset/SC4602E0.npz,7a0973855d54e36783dc2821bdc81dc0438b2d85579f934c460d359cacac8a85,,,2043,all_epochs_waveform_verified,100.0,EEG Fpz-Cz,uV,,"[{""array_start"": 0, ""array_stop"": 2043, ""original_start"": 41, ""original_stop"": 2084}]",8bc3413a5a07bd10cae682ce272d4887798b7d47102b757249bf496f97f6701e,757,unknown upstream script/policy
raw_sc,SC,SC:61,1,SC4611E0,/home/FA006/Desktop/Sleep_dl/SLeep_edf_fulldataset/physionet.org/files/sleep-edfx/1.0.0/sleep-cassette/SC4611E0-PSG.edf,3fbe05d888164701ced3dc8f350865123cdf5a882a466e47f56cd027922bfea1,/home/FA006/Desktop/Sleep_dl/SLeep_edf_fulldataset/physionet.org/files/sleep-edfx/1.0.0/sleep-cassette/SC4611EG-Hypnogram.edf,8cc2aeb5f093e5a8eaac95ab6c071044aae8e0cd5820b0a1bde0a62f681b847b,2650,original_raw_grid,,,,,,,,
edf78_npz,SC,SC:61,1,SC4611E0,/home/FA006/Desktop/Dimension/dataset/Preprocessed Sleep-EDF-78 dataset/SC4611E0.npz,e16128849ae16d299fa9804aa13799b98f7124860ae3b73180b1bff8948917b3,,,1652,all_epochs_waveform_verified,100.0,EEG Fpz-Cz,uV,,"[{""array_start"": 0, ""array_stop"": 1240, ""original_start"": 352, ""original_stop"": 1592}, {""array_start"": 1240, ""array_stop"": 1251, ""original_start"": 1594, ""original_stop"": 1605}, {""array_start"": 1251, ""array_stop"": 1433, ""original_start"": 1608, ""original_stop"": 1790}, {""array_start"": 1433, ""array_stop"": 1652, ""original_start"": 1791, ""original_stop"": 2010}]",4541b19190bf118e29c056f318d9c90feec5bfac1d1efcdf0462c25711c5e529,998,unknown upstream script/policy
raw_sc,SC,SC:61,2,SC4612E0,/home/FA006/Desktop/Sleep_dl/SLeep_edf_fulldataset/physionet.org/files/sleep-edfx/1.0.0/sleep-cassette/SC4612E0-PSG.edf,8bdccd0d701ebd7fd8ebda6dca7ed00a940e59a0b47c902809753b682f621fbc,/home/FA006/Desktop/Sleep_dl/SLeep_edf_fulldataset/physionet.org/files/sleep-edfx/1.0.0/sleep-cassette/SC4612EA-Hypnogram.edf,e89cd5b46a7948bd02c2fe9656e4862d1d674caba820f503f78d0d17c7a12a32,2730,original_raw_grid,,,,,,,,
edf78_npz,SC,SC:61,2,SC4612E0,/home/FA006/Desktop/Dimension/dataset/Preprocessed Sleep-EDF-78 dataset/SC4612E0.npz,e9f00f6082f62101a17828eb1a62a3e0acaad71eac9a9dfb714689a4938946b2,,,1062,all_epochs_waveform_verified,100.0,EEG Fpz-Cz,uV,,"[{""array_start"": 0, ""array_stop"": 1062, ""original_start"": 1028, ""original_stop"": 2090}]",beed03a0f90b7aa8e6ad84c78ff48cfe508e69ba5005062417f2785c1a0ac316,1668,unknown upstream script/policy
raw_sc,SC,SC:62,1,SC4621E0,/home/FA006/Desktop/Sleep_dl/SLeep_edf_fulldataset/physionet.org/files/sleep-edfx/1.0.0/sleep-cassette/SC4621E0-PSG.edf,9e90774546423253da414db5b0dad26688ca225b1a94b2f14d03b039fd4b3f32,/home/FA006/Desktop/Sleep_dl/SLeep_edf_fulldataset/physionet.org/files/sleep-edfx/1.0.0/sleep-cassette/SC4621EV-Hypnogram.edf,6a9afd8576d84a0b547c63c0340f8f8953ead1482154126eb4e6498929b8c1c1,2612,original_raw_grid,,,,,,,,
edf78_npz,SC,SC:62,1,SC4621E0,/home/FA006/Desktop/Dimension/dataset/Preprocessed Sleep-EDF-78 dataset/SC4621E0.npz,e239eec4e2f8fc47d258ffe5104550a8735f0b4ed666ec45c4075b0295346dbd,,,1445,all_epochs_waveform_verified,100.0,EEG Fpz-Cz,uV,,"[{""array_start"": 0, ""array_stop"": 1445, ""original_start"": 452, ""original_stop"": 1897}]",2ba6793742f369ddb32c6496b269755bc0900e4f0860825b125ac2bd35dcb9f7,1167,unknown upstream script/policy
raw_sc,SC,SC:62,2,SC4622E0,/home/FA006/Desktop/Sleep_dl/SLeep_edf_fulldataset/physionet.org/files/sleep-edfx/1.0.0/sleep-cassette/SC4622E0-PSG.edf,eb3fefa488541dd049df24bdc11e8f55455c46e63db35a5c5b40a29c38fb3b4b,/home/FA006/Desktop/Sleep_dl/SLeep_edf_fulldataset/physionet.org/files/sleep-edfx/1.0.0/sleep-cassette/SC4622EJ-Hypnogram.edf,b9712e1cbfae99276701db99ebfffa25684642425a892883f6684918cfb26e5e,2856,original_raw_grid,,,,,,,,
edf78_npz,SC,SC:62,2,SC4622E0,/home/FA006/Desktop/Dimension/dataset/Preprocessed Sleep-EDF-78 dataset/SC4622E0.npz,578dcbd0ed617827b2a75087c775a0b3fa82fc0ecb4563939260139d029b47bf,,,1823,all_epochs_waveform_verified,100.0,EEG Fpz-Cz,uV,,"[{""array_start"": 0, ""array_stop"": 1823, ""original_start"": 712, ""original_stop"": 2535}]",653d8cf9f2509b90840e697c40caaa397a223222c50cfc854ccd475c27047baf,1033,unknown upstream script/policy
raw_sc,SC,SC:63,1,SC4631E0,/home/FA006/Desktop/Sleep_dl/SLeep_edf_fulldataset/physionet.org/files/sleep-edfx/1.0.0/sleep-cassette/SC4631E0-PSG.edf,59a05c066cfcdea8e2b40bbf029f37f984551924a0d7fb27592506827d558599,/home/FA006/Desktop/Sleep_dl/SLeep_edf_fulldataset/physionet.org/files/sleep-edfx/1.0.0/sleep-cassette/SC4631EM-Hypnogram.edf,5444adc5f9c2380fa919730b57fc374df9bfe3328655a69059cb87fefb3b39c8,2758,original_raw_grid,,,,,,,,
edf78_npz,SC,SC:63,1,SC4631E0,/home/FA006/Desktop/Dimension/dataset/Preprocessed Sleep-EDF-78 dataset/SC4631E0.npz,946a8febcbe61311c9ba900520abf49028e0a54548a318ddeb43302089a0ea54,,,1063,all_epochs_waveform_verified,100.0,EEG Fpz-Cz,uV,,"[{""array_start"": 0, ""array_stop"": 1063, ""original_start"": 967, ""original_stop"": 2030}]",6f0635805f5de621a76013ab2d805a3e923b80a9a43811eedb46b1a5e413ef37,1695,unknown upstream script/policy
raw_sc,SC,SC:63,2,SC4632E0,/home/FA006/Desktop/Sleep_dl/SLeep_edf_fulldataset/physionet.org/files/sleep-edfx/1.0.0/sleep-cassette/SC4632E0-PSG.edf,fae40e7152fdcc3b53f9594404c5846c49b676e8c066e5afc823eb5cde80edc9,/home/FA006/Desktop/Sleep_dl/SLeep_edf_fulldataset/physionet.org/files/sleep-edfx/1.0.0/sleep-cassette/SC4632EA-Hypnogram.edf,592358bfd3b07564b830a5ae2fbfda92c844c7407dc0370afcd23e6e276562c9,2848,original_raw_grid,,,,,,,,
edf78_npz,SC,SC:63,2,SC4632E0,/home/FA006/Desktop/Dimension/dataset/Preprocessed Sleep-EDF-78 dataset/SC4632E0.npz,9f9247b31bc540dd0f6147a059f49a24a0715a61c3713ad8519946c190c5e037,,,1107,all_epochs_waveform_verified,100.0,EEG Fpz-Cz,uV,,"[{""array_start"": 0, ""array_stop"": 1107, ""original_start"": 987, ""original_stop"": 2094}]",7c9d1b266e3d07fd339d32483f574c056da5a40c4c6f08d0792469c02a1a5b73,1741,unknown upstream script/policy
raw_sc,SC,SC:64,1,SC4641E0,/home/FA006/Desktop/Sleep_dl/SLeep_edf_fulldataset/physionet.org/files/sleep-edfx/1.0.0/sleep-cassette/SC4641E0-PSG.edf,34e6bb023cbf49c86a49d7a7e17fe2683df6c8d95506e7b2af5027d9565ea412,/home/FA006/Desktop/Sleep_dl/SLeep_edf_fulldataset/physionet.org/files/sleep-edfx/1.0.0/sleep-cassette/SC4641EP-Hypnogram.edf,fe230dc4ce12328ca520f9930eab0e59ade566a4f6db68e94a2c9f8bd1d5784f,2680,original_raw_grid,,,,,,,,
edf78_npz,SC,SC:64,1,SC4641E0,/home/FA006/Desktop/Dimension/dataset/Preprocessed Sleep-EDF-78 dataset/SC4641E0.npz,b1590804743f406b88fab7fd46ae2911ce0694784e7efcb3380937f557c9420d,,,1271,all_epochs_waveform_verified,100.0,EEG Fpz-Cz,uV,,"[{""array_start"": 0, ""array_stop"": 1271, ""original_start"": 767, ""original_stop"": 2038}]",97a999f8e0038682cca4d9b4ae7cbcd3a0ead630a8ae74ac5ef0e23060022a34,1409,unknown upstream script/policy
raw_sc,SC,SC:64,2,SC4642E0,/home/FA006/Desktop/Sleep_dl/SLeep_edf_fulldataset/physionet.org/files/sleep-edfx/1.0.0/sleep-cassette/SC4642E0-PSG.edf,dff8e369a6cf1ec41c8bfe53b152ec8ec4a3a2f6e33545bfebf170b2d2052a85,/home/FA006/Desktop/Sleep_dl/SLeep_edf_fulldataset/physionet.org/files/sleep-edfx/1.0.0/sleep-cassette/SC4642EP-Hypnogram.edf,7e92a705b135c343c7dd1e5797062a9df9ae71284d2c71cb326d6a6a42c2ffb7,2790,original_raw_grid,,,,,,,,
edf78_npz,SC,SC:64,2,SC4642E0,/home/FA006/Desktop/Dimension/dataset/Preprocessed Sleep-EDF-78 dataset/SC4642E0.npz,8e03179a8e44106469dcbb504b12ac1fc2781e6fb8beefa757950b2d366b2ad8,,,2049,all_epochs_waveform_verified,100.0,EEG Fpz-Cz,uV,,"[{""array_start"": 0, ""array_stop"": 2049, ""original_start"": 90, ""original_stop"": 2139}]",1129a88a64650fc7e080c3648552799b22b1e91613050e0c92729c5ab4b66047,741,unknown upstream script/policy
raw_sc,SC,SC:65,1,SC4651E0,/home/FA006/Desktop/Sleep_dl/SLeep_edf_fulldataset/physionet.org/files/sleep-edfx/1.0.0/sleep-cassette/SC4651E0-PSG.edf,787ea17f2c17002f2cb10fe14666312bf3b70b1b9d4d5a05ce6979bf526b5e3c,/home/FA006/Desktop/Sleep_dl/SLeep_edf_fulldataset/physionet.org/files/sleep-edfx/1.0.0/sleep-cassette/SC4651EP-Hypnogram.edf,b85977a4ba24da596423136168824362cf0e35a389d2c85d74fa88ce15ee7f34,2860,original_raw_grid,,,,,,,,
edf78_npz,SC,SC:65,1,SC4651E0,/home/FA006/Desktop/Dimension/dataset/Preprocessed Sleep-EDF-78 dataset/SC4651E0.npz,de7fe1766c8d0042f1894494c0aa65fe6c77b688467d224aa6a5e94867ab324c,,,2644,all_epochs_waveform_verified,100.0,EEG Fpz-Cz,uV,,"[{""array_start"": 0, ""array_stop"": 2644, ""original_start"": 0, ""original_stop"": 2644}]",b5ec21b159acddf766431812af6cd16c4d2b31f8d1c1fccc04a9c1a811df5a0f,216,unknown upstream script/policy
raw_sc,SC,SC:65,2,SC4652E0,/home/FA006/Desktop/Sleep_dl/SLeep_edf_fulldataset/physionet.org/files/sleep-edfx/1.0.0/sleep-cassette/SC4652E0-PSG.edf,3660d6e473f9fbf2f16926ac3e20ab8ecc34469005b60ca669314b2f817b0baf,/home/FA006/Desktop/Sleep_dl/SLeep_edf_fulldataset/physionet.org/files/sleep-edfx/1.0.0/sleep-cassette/SC4652EG-Hypnogram.edf,4818141d39aca0bcd2122de1ed78983cae489d7e145068dfe989291f566244c9,2840,original_raw_grid,,,,,,,,
edf78_npz,SC,SC:65,2,SC4652E0,/home/FA006/Desktop/Dimension/dataset/Preprocessed Sleep-EDF-78 dataset/SC4652E0.npz,7bdb320ab20cc735355535665e3ee4efe7aa74d9bbdc93f13fba8f89dd6b3233,,,1929,all_epochs_waveform_verified,100.0,EEG Fpz-Cz,uV,,"[{""array_start"": 0, ""array_stop"": 1382, ""original_start"": 278, ""original_stop"": 1660}, {""array_start"": 1382, ""array_stop"": 1929, ""original_start"": 1662, ""original_stop"": 2209}]",a0474e69bd8206349e31406c32a2e84ed1c973083573c811a1693bdf98b41b4e,911,unknown upstream script/policy
raw_sc,SC,SC:66,1,SC4661E0,/home/FA006/Desktop/Sleep_dl/SLeep_edf_fulldataset/physionet.org/files/sleep-edfx/1.0.0/sleep-cassette/SC4661E0-PSG.edf,6dcda270a926186044d7213ceb66e0be08019cd26061f299de53bf553e60f58b,/home/FA006/Desktop/Sleep_dl/SLeep_edf_fulldataset/physionet.org/files/sleep-edfx/1.0.0/sleep-cassette/SC4661EJ-Hypnogram.edf,5f39485dc9eaab9d8a67f4a14914e0e44b0f9fab0ccb30c596746f12c1de8666,2740,original_raw_grid,,,,,,,,
edf78_npz,SC,SC:66,1,SC4661E0,/home/FA006/Desktop/Dimension/dataset/Preprocessed Sleep-EDF-78 dataset/SC4661E0.npz,04fd505a6f2067d03cc9f005b507b1496d456c96bb976ebe3da680c8289c39fe,,,2026,all_epochs_waveform_verified,100.0,EEG Fpz-Cz,uV,,"[{""array_start"": 0, ""array_stop"": 2026, ""original_start"": 638, ""original_stop"": 2664}]",77f94e3efddcad757d404d2c46826992bca7394075a677dfb2243c0f6ad70f87,714,unknown upstream script/policy
raw_sc,SC,SC:66,2,SC4662E0,/home/FA006/Desktop/Sleep_dl/SLeep_edf_fulldataset/physionet.org/files/sleep-edfx/1.0.0/sleep-cassette/SC4662E0-PSG.edf,950ccc9d7bb9e6bdae44d7366da4a8e2cfd65129080662d6972b1175724bae3d,/home/FA006/Desktop/Sleep_dl/SLeep_edf_fulldataset/physionet.org/files/sleep-edfx/1.0.0/sleep-cassette/SC4662EJ-Hypnogram.edf,bb12848cfde5324b26cbc686cb0eb9a85f97f9b208ea81ef1d1c9452d9766bb1,2820,original_raw_grid,,,,,,,,
edf78_npz,SC,SC:66,2,SC4662E0,/home/FA006/Desktop/Dimension/dataset/Preprocessed Sleep-EDF-78 dataset/SC4662E0.npz,05473dcd753648d4b98346a77dccabef850b6d7d3f9ccd8ce7351567e8c2437b,,,1994,all_epochs_waveform_verified,100.0,EEG Fpz-Cz,uV,,"[{""array_start"": 0, ""array_stop"": 1994, ""original_start"": 804, ""original_stop"": 2798}]",e309ae17e2512f9861a2a2ff169769b5bcced22a77f02b43e5d0613aea82e0f9,826,unknown upstream script/policy
raw_sc,SC,SC:67,1,SC4671G0,/home/FA006/Desktop/Sleep_dl/SLeep_edf_fulldataset/physionet.org/files/sleep-edfx/1.0.0/sleep-cassette/SC4671G0-PSG.edf,8cca66512eaf30a95f6c0f95d843b3ad269bce3a21b59d8041425e094e98b06a,/home/FA006/Desktop/Sleep_dl/SLeep_edf_fulldataset/physionet.org/files/sleep-edfx/1.0.0/sleep-cassette/SC4671GJ-Hypnogram.edf,19b001efa1d72fd21899b05a93170ae3123d7eb90045e6055be70eb4f742de14,2780,original_raw_grid,,,,,,,,
edf78_npz,SC,SC:67,1,SC4671G0,/home/FA006/Desktop/Dimension/dataset/Preprocessed Sleep-EDF-78 dataset/SC4671G0.npz,0bc2c7f42eb20fbdadf0a3915c41ad1e44068698adf47c2a359bc273738db9df,,,1968,all_epochs_waveform_verified,100.0,EEG Fpz-Cz,uV,,"[{""array_start"": 0, ""array_stop"": 1968, ""original_start"": 805, ""original_stop"": 2773}]",5933f9b1db43fa31cfc98f6179a0f347a2f046090d79cc412570a9d554b7a856,812,unknown upstream script/policy
raw_sc,SC,SC:67,2,SC4672G0,/home/FA006/Desktop/Sleep_dl/SLeep_edf_fulldataset/physionet.org/files/sleep-edfx/1.0.0/sleep-cassette/SC4672G0-PSG.edf,bc1a1a473c31b32d51a611de0f8f796c725348de8240d02ee3594027f0366bf2,/home/FA006/Desktop/Sleep_dl/SLeep_edf_fulldataset/physionet.org/files/sleep-edfx/1.0.0/sleep-cassette/SC4672GV-Hypnogram.edf,bb95c97dc66c2c9af5c330dbaa671ccdb9518f364df002b9f2a57318c58ca490,2580,original_raw_grid,,,,,,,,
edf78_npz,SC,SC:67,2,SC4672G0,/home/FA006/Desktop/Dimension/dataset/Preprocessed Sleep-EDF-78 dataset/SC4672G0.npz,a1265d76c924b975241fbf4a19ae4fcaac5e33806e1d390ddcb8bb6392452bf4,,,1021,all_epochs_waveform_verified,100.0,EEG Fpz-Cz,uV,,"[{""array_start"": 0, ""array_stop"": 1021, ""original_start"": 1008, ""original_stop"": 2029}]",6e627f2b5a52f433c3366e72bed168a04a19f32af02ceb3b3200434b6dfd3928,1559,unknown upstream script/policy
raw_sc,SC,SC:70,1,SC4701E0,/home/FA006/Desktop/Sleep_dl/SLeep_edf_fulldataset/physionet.org/files/sleep-edfx/1.0.0/sleep-cassette/SC4701E0-PSG.edf,3129763abd6f97cabff714b023a6e9309362c4ea3486ea43b4a6003eb61ed79d,/home/FA006/Desktop/Sleep_dl/SLeep_edf_fulldataset/physionet.org/files/sleep-edfx/1.0.0/sleep-cassette/SC4701EC-Hypnogram.edf,42fdc61097d8a8600a56b0cf2e50b9cd2aa22e08a8df6e325b05ffef441a8c73,2680,original_raw_grid,,,,,,,,
edf78_npz,SC,SC:70,1,SC4701E0,/home/FA006/Desktop/Dimension/dataset/Preprocessed Sleep-EDF-78 dataset/SC4701E0.npz,278809bcbd19b92bdc3efdeab8d7487c122762645fc61d20c3cb09bb83e284b3,,,1717,all_epochs_waveform_verified,100.0,EEG Fpz-Cz,uV,,"[{""array_start"": 0, ""array_stop"": 1209, ""original_start"": 174, ""original_stop"": 1383}, {""array_start"": 1209, ""array_stop"": 1717, ""original_start"": 1384, ""original_stop"": 1892}]",dc35c6c08eb6ee429fc01480545432a25ee7d89b99f0cd9a72f432d8036b6375,963,unknown upstream script/policy
raw_sc,SC,SC:70,2,SC4702E0,/home/FA006/Desktop/Sleep_dl/SLeep_edf_fulldataset/physionet.org/files/sleep-edfx/1.0.0/sleep-cassette/SC4702E0-PSG.edf,ac15421803386dcb96a12544f500f8e20e02dc5eae5cf02bbf9383a46483564b,/home/FA006/Desktop/Sleep_dl/SLeep_edf_fulldataset/physionet.org/files/sleep-edfx/1.0.0/sleep-cassette/SC4702EA-Hypnogram.edf,491994eac91a17d4d81595a50ac57ea10f59333fe2873606ed91a8a094e3b548,2624,original_raw_grid,,,,,,,,
edf78_npz,SC,SC:70,2,SC4702E0,/home/FA006/Desktop/Dimension/dataset/Preprocessed Sleep-EDF-78 dataset/SC4702E0.npz,9ca020f1d4705309f71e033c8110fa01e282daa68490003e871914990ac878a5,,,1515,all_epochs_waveform_verified,100.0,EEG Fpz-Cz,uV,,"[{""array_start"": 0, ""array_stop"": 1515, ""original_start"": 301, ""original_stop"": 1816}]",a6b567322e68607379e1562c5c1c2c627c43ee54b4e2d4e45185f2aa5283e85d,1109,unknown upstream script/policy
raw_sc,SC,SC:71,1,SC4711E0,/home/FA006/Desktop/Sleep_dl/SLeep_edf_fulldataset/physionet.org/files/sleep-edfx/1.0.0/sleep-cassette/SC4711E0-PSG.edf,ed64a3caf10cf47f8bb8d640934d5f2237c22d91f7d2178c2af2daee87f6c542,/home/FA006/Desktop/Sleep_dl/SLeep_edf_fulldataset/physionet.org/files/sleep-edfx/1.0.0/sleep-cassette/SC4711EC-Hypnogram.edf,3ecb30c82679d16382caa03059cfd99d69e7794a6671e1cf9d6c0764bcf67738,2730,original_raw_grid,,,,,,,,
edf78_npz,SC,SC:71,1,SC4711E0,/home/FA006/Desktop/Dimension/dataset/Preprocessed Sleep-EDF-78 dataset/SC4711E0.npz,c92e22dec4118f1242e43652fa1e4dc22eb80e7662329e47026a81607df4a29f,,,1413,all_epochs_waveform_verified,100.0,EEG Fpz-Cz,uV,,"[{""array_start"": 0, ""array_stop"": 1413, ""original_start"": 583, ""original_stop"": 1996}]",4d215365158f6b998fe195470a236393025e6818d9e523a80df3c7f1e3ecf0e2,1317,unknown upstream script/policy
raw_sc,SC,SC:71,2,SC4712E0,/home/FA006/Desktop/Sleep_dl/SLeep_edf_fulldataset/physionet.org/files/sleep-edfx/1.0.0/sleep-cassette/SC4712E0-PSG.edf,14b1709e1028681c9b21e92e0d56f5c58dfd04168127bf14e422ed4f1b30cba6,/home/FA006/Desktop/Sleep_dl/SLeep_edf_fulldataset/physionet.org/files/sleep-edfx/1.0.0/sleep-cassette/SC4712EA-Hypnogram.edf,b08ed680ff10d7e6c8e2cb9c66c5df86b6a40211935e5376e181c2444e135376,2820,original_raw_grid,,,,,,,,
edf78_npz,SC,SC:71,2,SC4712E0,/home/FA006/Desktop/Dimension/dataset/Preprocessed Sleep-EDF-78 dataset/SC4712E0.npz,f3cf0e9c7faa7d929643bf97f7c22aba5ab9f945d40ef041162b45ec81a33f08,,,1241,all_epochs_waveform_verified,100.0,EEG Fpz-Cz,uV,,"[{""array_start"": 0, ""array_stop"": 1241, ""original_start"": 703, ""original_stop"": 1944}]",488a6463062ed7fc900dfeda6a46b7009ec76f766695e47c5919459ddd51b914,1579,unknown upstream script/policy
raw_sc,SC,SC:72,1,SC4721E0,/home/FA006/Desktop/Sleep_dl/SLeep_edf_fulldataset/physionet.org/files/sleep-edfx/1.0.0/sleep-cassette/SC4721E0-PSG.edf,a9f50f14d24b1eed65c310d7a3f04f0204b6024306aac98a83f432acf841ae5b,/home/FA006/Desktop/Sleep_dl/SLeep_edf_fulldataset/physionet.org/files/sleep-edfx/1.0.0/sleep-cassette/SC4721EC-Hypnogram.edf,08448d6ed3f9254946c4d4c19935c4bc8b4f3d26b3cd58717f401dc55ed6a772,2342,original_raw_grid,,,,,,,,
edf78_npz,SC,SC:72,1,SC4721E0,/home/FA006/Desktop/Dimension/dataset/Preprocessed Sleep-EDF-78 dataset/SC4721E0.npz,9f58812d36233bd4d6c975120c9318a23e23c3b0c0d0fad82c2e2f32b27c66ca,,,1031,all_epochs_waveform_verified,100.0,EEG Fpz-Cz,uV,,"[{""array_start"": 0, ""array_stop"": 1031, ""original_start"": 933, ""original_stop"": 1964}]",eb30b69b63e9cd73abf1dee85cea93ddcba6a9f036c1cf24f764a50e06eed027,1311,unknown upstream script/policy
raw_sc,SC,SC:72,2,SC4722E0,/home/FA006/Desktop/Sleep_dl/SLeep_edf_fulldataset/physionet.org/files/sleep-edfx/1.0.0/sleep-cassette/SC4722E0-PSG.edf,c4613d39f8319be41bdb62aa92acf204c9f04381d8a34fd4e4ab4988de9b71ff,/home/FA006/Desktop/Sleep_dl/SLeep_edf_fulldataset/physionet.org/files/sleep-edfx/1.0.0/sleep-cassette/SC4722EM-Hypnogram.edf,29145efc5b90863aae5a3f9bb71e49fffb18aabf1444a623606f9f8b773b34bd,2746,original_raw_grid,,,,,,,,
edf78_npz,SC,SC:72,2,SC4722E0,/home/FA006/Desktop/Dimension/dataset/Preprocessed Sleep-EDF-78 dataset/SC4722E0.npz,b6c76cf738d6446fc6cb43f69ebe2a51cfa61c2d86889f14deab4adf5f90bb43,,,1130,all_epochs_waveform_verified,100.0,EEG Fpz-Cz,uV,,"[{""array_start"": 0, ""array_stop"": 1130, ""original_start"": 874, ""original_stop"": 2004}]",8ec88e83fc49d30b8b0a095ecc56e850a54047a0beed4c7d1438c273296ec8df,1616,unknown upstream script/policy
raw_sc,SC,SC:73,1,SC4731E0,/home/FA006/Desktop/Sleep_dl/SLeep_edf_fulldataset/physionet.org/files/sleep-edfx/1.0.0/sleep-cassette/SC4731E0-PSG.edf,89a75b551ee82d2f5c58b66e21ce08d3d75bef5945a0ce8f7ee8358b1c3de6a2,/home/FA006/Desktop/Sleep_dl/SLeep_edf_fulldataset/physionet.org/files/sleep-edfx/1.0.0/sleep-cassette/SC4731EM-Hypnogram.edf,6498f19b42300a897ed5255618a07b8a01d31bc24aa59ee3ad72f27ebfdc41bf,2780,original_raw_grid,,,,,,,,
edf78_npz,SC,SC:73,1,SC4731E0,/home/FA006/Desktop/Dimension/dataset/Preprocessed Sleep-EDF-78 dataset/SC4731E0.npz,8837c062baa0af567b01a0f4b0fe0ae70f3ee1c113ba37bfe0ee548492fc5e78,,,2667,all_epochs_waveform_verified,100.0,EEG Fpz-Cz,uV,,"[{""array_start"": 0, ""array_stop"": 2667, ""original_start"": 113, ""original_stop"": 2780}]",566175750d0a70a87bb2fc4229f988dfc7d75eb5349acdcd6ee5e4c9bc63d408,113,unknown upstream script/policy
raw_sc,SC,SC:73,2,SC4732E0,/home/FA006/Desktop/Sleep_dl/SLeep_edf_fulldataset/physionet.org/files/sleep-edfx/1.0.0/sleep-cassette/SC4732E0-PSG.edf,f4193bddc89f443bfdf8b604c859d7a36762e9a6ba01b1ea068dd5aeab295c26,/home/FA006/Desktop/Sleep_dl/SLeep_edf_fulldataset/physionet.org/files/sleep-edfx/1.0.0/sleep-cassette/SC4732EJ-Hypnogram.edf,b0180b2a43ad1d8be372ba18dffdfe13f1c1767bbda734f83f9dff53d78a637a,2520,original_raw_grid,,,,,,,,
edf78_npz,SC,SC:73,2,SC4732E0,/home/FA006/Desktop/Dimension/dataset/Preprocessed Sleep-EDF-78 dataset/SC4732E0.npz,c99fec2650690d596c26db7746d549c503153d83f3b55c2c7a97064eabd071f9,,,2318,all_epochs_waveform_verified,100.0,EEG Fpz-Cz,uV,,"[{""array_start"": 0, ""array_stop"": 1626, ""original_start"": 201, ""original_stop"": 1827}, {""array_start"": 1626, ""array_stop"": 2318, ""original_start"": 1828, ""original_stop"": 2520}]",6077587d09b8f5ecee127167aaa46b8e85c83b0ee2f8854db2b7711a51f76c6c,202,unknown upstream script/policy
raw_sc,SC,SC:74,1,SC4741E0,/home/FA006/Desktop/Sleep_dl/SLeep_edf_fulldataset/physionet.org/files/sleep-edfx/1.0.0/sleep-cassette/SC4741E0-PSG.edf,8c82bad260fd0542684a185423fb7f657bedfe3ee19d75defeedefc95c68513e,/home/FA006/Desktop/Sleep_dl/SLeep_edf_fulldataset/physionet.org/files/sleep-edfx/1.0.0/sleep-cassette/SC4741EA-Hypnogram.edf,23178ebef9a0e48bb7109cdb3775b151f998e99ade86ae6f80d14698aa94eeb5,2690,original_raw_grid,,,,,,,,
edf78_npz,SC,SC:74,1,SC4741E0,/home/FA006/Desktop/Dimension/dataset/Preprocessed Sleep-EDF-78 dataset/SC4741E0.npz,762861aa5e1c60c6b50253a21d9bc013800ff07f7d96d369184b33760da590dc,,,2210,all_epochs_waveform_verified,100.0,EEG Fpz-Cz,uV,,"[{""array_start"": 0, ""array_stop"": 1111, ""original_start"": 472, ""original_stop"": 1583}, {""array_start"": 1111, ""array_stop"": 2210, ""original_start"": 1584, ""original_stop"": 2683}]",9d66e51cfe096f87fed61131b25150355f11338c698a19383b443aa1dc033972,480,unknown upstream script/policy
raw_sc,SC,SC:74,2,SC4742E0,/home/FA006/Desktop/Sleep_dl/SLeep_edf_fulldataset/physionet.org/files/sleep-edfx/1.0.0/sleep-cassette/SC4742E0-PSG.edf,e8ac7e5f918a486b4b50a5f9120bdb6100030d2cc78e543dc515ca93a844b878,/home/FA006/Desktop/Sleep_dl/SLeep_edf_fulldataset/physionet.org/files/sleep-edfx/1.0.0/sleep-cassette/SC4742EC-Hypnogram.edf,93648f89f3a85afc7b7cdcf2ac538ebd277a9f96be8efab40bc23a6af0b7297a,2650,original_raw_grid,,,,,,,,
edf78_npz,SC,SC:74,2,SC4742E0,/home/FA006/Desktop/Dimension/dataset/Preprocessed Sleep-EDF-78 dataset/SC4742E0.npz,09daa8cce4161c0180c1447ee071484aa6bf611ed1513cb6b58487708c005510,,,1063,all_epochs_waveform_verified,100.0,EEG Fpz-Cz,uV,,"[{""array_start"": 0, ""array_stop"": 1063, ""original_start"": 961, ""original_stop"": 2024}]",de81ba77950e911ba41546ac4f73e584ecab7511889227a2ee1fc9a54df8b8e7,1587,unknown upstream script/policy
raw_sc,SC,SC:75,1,SC4751E0,/home/FA006/Desktop/Sleep_dl/SLeep_edf_fulldataset/physionet.org/files/sleep-edfx/1.0.0/sleep-cassette/SC4751E0-PSG.edf,729410456af6d506451e8e83fd5417e8c7fff44a62928595be461b2de328aa2c,/home/FA006/Desktop/Sleep_dl/SLeep_edf_fulldataset/physionet.org/files/sleep-edfx/1.0.0/sleep-cassette/SC4751EC-Hypnogram.edf,0ea8d8af121072c1129a6663b32eac04f6e5ad2c1323c41dd8c6c3b1732462c3,2680,original_raw_grid,,,,,,,,
edf78_npz,SC,SC:75,1,SC4751E0,/home/FA006/Desktop/Dimension/dataset/Preprocessed Sleep-EDF-78 dataset/SC4751E0.npz,87098cc87c3193c4517ed1c2f34644452f2f911e8a18ae50f99c0136870b083e,,,2044,all_epochs_waveform_verified,100.0,EEG Fpz-Cz,uV,,"[{""array_start"": 0, ""array_stop"": 2044, ""original_start"": 636, ""original_stop"": 2680}]",55be6a82a8891c025321e47c3b3f2c9c33471b545ae18567b3ceaba1c746ee84,636,unknown upstream script/policy
raw_sc,SC,SC:75,2,SC4752E0,/home/FA006/Desktop/Sleep_dl/SLeep_edf_fulldataset/physionet.org/files/sleep-edfx/1.0.0/sleep-cassette/SC4752E0-PSG.edf,46ac47b9db0968e69c680138c6d9297f836400dae4a8e0377cbf6ff694e7b594,/home/FA006/Desktop/Sleep_dl/SLeep_edf_fulldataset/physionet.org/files/sleep-edfx/1.0.0/sleep-cassette/SC4752EM-Hypnogram.edf,20ceec1da858775339d575c0911dfb86d03d3ad3545dd22e51a1cff9f19041e8,2470,original_raw_grid,,,,,,,,
edf78_npz,SC,SC:75,2,SC4752E0,/home/FA006/Desktop/Dimension/dataset/Preprocessed Sleep-EDF-78 dataset/SC4752E0.npz,27adbd24d418d330b45b0ed85f2f46e7a123db771a0f8d6487c1679c0d4c0a51,,,1049,all_epochs_waveform_verified,100.0,EEG Fpz-Cz,uV,,"[{""array_start"": 0, ""array_stop"": 1049, ""original_start"": 939, ""original_stop"": 1988}]",0b3a2b20fd11efce902accec50035451e567459c88759d3c79c24ad14ceff640,1421,unknown upstream script/policy
raw_sc,SC,SC:76,1,SC4761E0,/home/FA006/Desktop/Sleep_dl/SLeep_edf_fulldataset/physionet.org/files/sleep-edfx/1.0.0/sleep-cassette/SC4761E0-PSG.edf,00c9ddf8eab34ebd4aa6228da85d0cf25738cb9b7c1e0c5dc9b354ba242374d2,/home/FA006/Desktop/Sleep_dl/SLeep_edf_fulldataset/physionet.org/files/sleep-edfx/1.0.0/sleep-cassette/SC4761EP-Hypnogram.edf,54c201f60bb66f27129c698ef23be91c8300e889197498cd6bc4ec2883d19d56,2630,original_raw_grid,,,,,,,,
edf78_npz,SC,SC:76,1,SC4761E0,/home/FA006/Desktop/Dimension/dataset/Preprocessed Sleep-EDF-78 dataset/SC4761E0.npz,15fc44238593358c123673ceafd70c1c59026f450a8a36468fb9745a6a186d9d,,,1683,all_epochs_waveform_verified,100.0,EEG Fpz-Cz,uV,,"[{""array_start"": 0, ""array_stop"": 913, ""original_start"": 483, ""original_stop"": 1396}, {""array_start"": 913, ""array_stop"": 915, ""original_start"": 1412, ""original_stop"": 1414}, {""array_start"": 915, ""array_stop"": 1683, ""original_start"": 1418, ""original_stop"": 2186}]",283e8972a6dc278ebf582f55f3a81bf63b61c80038743e5e7557b251a3ae7bd0,947,unknown upstream script/policy
raw_sc,SC,SC:76,2,SC4762E0,/home/FA006/Desktop/Sleep_dl/SLeep_edf_fulldataset/physionet.org/files/sleep-edfx/1.0.0/sleep-cassette/SC4762E0-PSG.edf,39cf3d194c492fd3523c91d2a9e8a93d1381022f68e512d97ff2604c173496aa,/home/FA006/Desktop/Sleep_dl/SLeep_edf_fulldataset/physionet.org/files/sleep-edfx/1.0.0/sleep-cassette/SC4762EG-Hypnogram.edf,34b43d5bd6db89a9b8cc4501dea7af5521bd5448da7beb7df9a4689530977a6a,2810,original_raw_grid,,,,,,,,
edf78_npz,SC,SC:76,2,SC4762E0,/home/FA006/Desktop/Dimension/dataset/Preprocessed Sleep-EDF-78 dataset/SC4762E0.npz,e35fb56d402264248f371317264f036579849057ec40ccbea47c6900de9db46e,,,2662,all_epochs_waveform_verified,100.0,EEG Fpz-Cz,uV,,"[{""array_start"": 0, ""array_stop"": 1207, ""original_start"": 0, ""original_stop"": 1207}, {""array_start"": 1207, ""array_stop"": 1264, ""original_start"": 1208, ""original_stop"": 1265}, {""array_start"": 1264, ""array_stop"": 1343, ""original_start"": 1268, ""original_stop"": 1347}, {""array_start"": 1343, ""array_stop"": 1349, ""original_start"": 1348, ""original_stop"": 1354}, {""array_start"": 1349, ""array_stop"": 1517, ""original_start"": 1355, ""original_stop"": 1523}, {""array_start"": 1517, ""array_stop"": 1519, ""original_start"": 1524, ""original_stop"": 1526}, {""array_start"": 1519, ""array_stop"": 1544, ""original_start"": 1527, ""original_stop"": 1552}, {""array_start"": 1544, ""array_stop"": 1578, ""original_start"": 1553, ""original_stop"": 1587}, {""array_start"": 1578, ""array_stop"": 1584, ""original_start"": 1588, ""original_stop"": 1594}, {""array_start"": 1584, ""array_stop"": 1591, ""original_start"": 1595, ""original_stop"": 1602}, {""array_start"": 1591, ""array_stop"": 1652, ""original_start"": 1603, ""original_stop"": 1664}, {""array_start"": 1652, ""array_stop"": 1678, ""original_start"": 1665, ""original_stop"": 1691}, {""array_start"": 1678, ""array_stop"": 1685, ""original_start"": 1692, ""original_stop"": 1699}, {""array_start"": 1685, ""array_stop"": 1687, ""original_start"": 1700, ""original_stop"": 1702}, {""array_start"": 1687, ""array_stop"": 1694, ""original_start"": 1703, ""original_stop"": 1710}, {""array_start"": 1694, ""array_stop"": 1708, ""original_start"": 1711, ""original_stop"": 1725}, {""array_start"": 1708, ""array_stop"": 1745, ""original_start"": 1726, ""original_stop"": 1763}, {""array_start"": 1745, ""array_stop"": 1761, ""original_start"": 1764, ""original_stop"": 1780}, {""array_start"": 1761, ""array_stop"": 1762, ""original_start"": 1781, ""original_stop"": 1782}, {""array_start"": 1762, ""array_stop"": 1807, ""original_start"": 1783, ""original_stop"": 1828}, {""array_start"": 1807, ""array_stop"": 1817, ""original_start"": 1830, ""original_stop"": 1840}, {""array_start"": 1817, ""array_stop"": 1825, ""original_start"": 1841, ""original_stop"": 1849}, {""array_start"": 1825, ""array_stop"": 1881, ""original_start"": 1850, ""original_stop"": 1906}, {""array_start"": 1881, ""array_stop"": 1885, ""original_start"": 2003, ""original_stop"": 2007}, {""array_start"": 1885, ""array_stop"": 2007, ""original_start"": 2022, ""original_stop"": 2144}, {""array_start"": 2007, ""array_stop"": 2188, ""original_start"": 2154, ""original_stop"": 2335}, {""array_start"": 2188, ""array_stop"": 2662, ""original_start"": 2336, ""original_stop"": 2810}]",3414e0953a85f6eec3fe28b478e3238c28cccd4b80e44e15b49693c60e4e9856,148,unknown upstream script/policy
raw_sc,SC,SC:77,1,SC4771G0,/home/FA006/Desktop/Sleep_dl/SLeep_edf_fulldataset/physionet.org/files/sleep-edfx/1.0.0/sleep-cassette/SC4771G0-PSG.edf,c2e0c386f51063fdd949b6cc46d94c67122908058b4359775b0f1de2ba444d04,/home/FA006/Desktop/Sleep_dl/SLeep_edf_fulldataset/physionet.org/files/sleep-edfx/1.0.0/sleep-cassette/SC4771GC-Hypnogram.edf,89956b672f857399d18cc7153de06a594d6b0765399b9ae953f40cab854e2121,2756,original_raw_grid,,,,,,,,
edf78_npz,SC,SC:77,1,SC4771G0,/home/FA006/Desktop/Dimension/dataset/Preprocessed Sleep-EDF-78 dataset/SC4771G0.npz,4feaaf541ed1b5a8b34980958a0dc3d2493f6464dd1a2354d6721f69b3e74e77,,,1325,all_epochs_waveform_verified,100.0,EEG Fpz-Cz,uV,,"[{""array_start"": 0, ""array_stop"": 1325, ""original_start"": 942, ""original_stop"": 2267}]",11ab06a5783a2c235aa1e71c7bf587fcf572cc006af8ac5dbf8717510c8fe01e,1431,unknown upstream script/policy
raw_sc,SC,SC:77,2,SC4772G0,/home/FA006/Desktop/Sleep_dl/SLeep_edf_fulldataset/physionet.org/files/sleep-edfx/1.0.0/sleep-cassette/SC4772G0-PSG.edf,93a258889fa15be89e2354522c7cdbdac01ec6f89457c5bc1155be06143d3b6a,/home/FA006/Desktop/Sleep_dl/SLeep_edf_fulldataset/physionet.org/files/sleep-edfx/1.0.0/sleep-cassette/SC4772GC-Hypnogram.edf,e05f7cdb7ce0887c1925c282680179ab778963c7fbe9d50f14db6fd30fd88885,2242,original_raw_grid,,,,,,,,
edf78_npz,SC,SC:77,2,SC4772G0,/home/FA006/Desktop/Dimension/dataset/Preprocessed Sleep-EDF-78 dataset/SC4772G0.npz,c798518b58ae605f549d85ae4e97f571fc8aafd31e287404f01ade0e4b57c79f,,,1324,all_epochs_waveform_verified,100.0,EEG Fpz-Cz,uV,,"[{""array_start"": 0, ""array_stop"": 1324, ""original_start"": 804, ""original_stop"": 2128}]",c0f9b1618265db75f8615c87138c405b829ed71dcb40006980f644064c13f705,918,unknown upstream script/policy
raw_sc,SC,SC:80,1,SC4801G0,/home/FA006/Desktop/Sleep_dl/SLeep_edf_fulldataset/physionet.org/files/sleep-edfx/1.0.0/sleep-cassette/SC4801G0-PSG.edf,1a205f40b583c6dea9457265aaa32474c3952addb2414390f94220ab6147c676,/home/FA006/Desktop/Sleep_dl/SLeep_edf_fulldataset/physionet.org/files/sleep-edfx/1.0.0/sleep-cassette/SC4801GC-Hypnogram.edf,795afac28f7ebf1f4dadaf08ffa24c8714e2a7e9281aceacbe2ad8e0152d158d,2774,original_raw_grid,,,,,,,,
edf78_npz,SC,SC:80,1,SC4801G0,/home/FA006/Desktop/Dimension/dataset/Preprocessed Sleep-EDF-78 dataset/SC4801G0.npz,3512214d872d07ef6ed4f29e1abea7b9c097eda714c385874a7b79cae2c4b950,,,1241,all_epochs_waveform_verified,100.0,EEG Fpz-Cz,uV,,"[{""array_start"": 0, ""array_stop"": 1241, ""original_start"": 966, ""original_stop"": 2207}]",bc8942c856f317a216341f63d3161bd21b5c6afaab141a187dcae9873a00cba1,1533,unknown upstream script/policy
raw_sc,SC,SC:80,2,SC4802G0,/home/FA006/Desktop/Sleep_dl/SLeep_edf_fulldataset/physionet.org/files/sleep-edfx/1.0.0/sleep-cassette/SC4802G0-PSG.edf,65cc29d0bdaacd23e4da3bee2dfb3cf345f5b8f32f54e356300e693b9369a528,/home/FA006/Desktop/Sleep_dl/SLeep_edf_fulldataset/physionet.org/files/sleep-edfx/1.0.0/sleep-cassette/SC4802GV-Hypnogram.edf,dbb649127c4ebf57ed7413f22a53dff642c01d028285a48e76f9ea1509d2e2f7,2810,original_raw_grid,,,,,,,,
edf78_npz,SC,SC:80,2,SC4802G0,/home/FA006/Desktop/Dimension/dataset/Preprocessed Sleep-EDF-78 dataset/SC4802G0.npz,15d25d1c816f5b7612b81a00e86dcb568367dfec80b09be1320ee41bf6e7917d,,,1229,all_epochs_waveform_verified,100.0,EEG Fpz-Cz,uV,,"[{""array_start"": 0, ""array_stop"": 1229, ""original_start"": 1014, ""original_stop"": 2243}]",dfe518d547bd05d7b796a038afbf122de6caf84091db82a176236fb871492466,1581,unknown upstream script/policy
raw_sc,SC,SC:81,1,SC4811G0,/home/FA006/Desktop/Sleep_dl/SLeep_edf_fulldataset/physionet.org/files/sleep-edfx/1.0.0/sleep-cassette/SC4811G0-PSG.edf,a1f7e825cef31cd8361c5a31bf4357aeea6c502979c6bd7574b755445e1c27f0,/home/FA006/Desktop/Sleep_dl/SLeep_edf_fulldataset/physionet.org/files/sleep-edfx/1.0.0/sleep-cassette/SC4811GG-Hypnogram.edf,b0f4deaec1bd69c3da0cf486ab73a1eee056fa76125c8f60be3e79d31bf4a680,2402,original_raw_grid,,,,,,,,
edf78_npz,SC,SC:81,1,SC4811G0,/home/FA006/Desktop/Dimension/dataset/Preprocessed Sleep-EDF-78 dataset/SC4811G0.npz,f7ebbb2d2422d1dd19fb4afcac97254dcd9f71ed01fd4ccd87703aa6e1d13710,,,1293,all_epochs_waveform_verified,100.0,EEG Fpz-Cz,uV,,"[{""array_start"": 0, ""array_stop"": 1293, ""original_start"": 540, ""original_stop"": 1833}]",cc0f2281f2cb9a71712529456a1ce519d87e9c2169d9a853b48ecff7b53994f8,1109,unknown upstream script/policy
raw_sc,SC,SC:81,2,SC4812G0,/home/FA006/Desktop/Sleep_dl/SLeep_edf_fulldataset/physionet.org/files/sleep-edfx/1.0.0/sleep-cassette/SC4812G0-PSG.edf,de9a75c00b0d8743e88a837dd0bf4e2f4b0d44b3fb7e0f3b9b623f3e627b40cc,/home/FA006/Desktop/Sleep_dl/SLeep_edf_fulldataset/physionet.org/files/sleep-edfx/1.0.0/sleep-cassette/SC4812GV-Hypnogram.edf,61790f8b92be81685cb6d695e509eeebb7f37538057093dfd2e5c8dcfc872038,2416,original_raw_grid,,,,,,,,
edf78_npz,SC,SC:81,2,SC4812G0,/home/FA006/Desktop/Dimension/dataset/Preprocessed Sleep-EDF-78 dataset/SC4812G0.npz,5c6634282a49fc6eda28633d029cd3957f269c80b01d7ab1ba7a19242fe448e5,,,1183,all_epochs_waveform_verified,100.0,EEG Fpz-Cz,uV,,"[{""array_start"": 0, ""array_stop"": 397, ""original_start"": 1021, ""original_stop"": 1418}, {""array_start"": 397, ""array_stop"": 407, ""original_start"": 1419, ""original_stop"": 1429}, {""array_start"": 407, ""array_stop"": 1183, ""original_start"": 1430, ""original_stop"": 2206}]",eac3cb490ed2ded60d9774d95e82f793ee5d1a6599f05d3b4d4cd0e67a724a7a,1233,unknown upstream script/policy
raw_sc,SC,SC:82,1,SC4821G0,/home/FA006/Desktop/Sleep_dl/SLeep_edf_fulldataset/physionet.org/files/sleep-edfx/1.0.0/sleep-cassette/SC4821G0-PSG.edf,c542d3fc22d7462d57504217cd26eef2051efaabdd0777855937a2c83d35059f,/home/FA006/Desktop/Sleep_dl/SLeep_edf_fulldataset/physionet.org/files/sleep-edfx/1.0.0/sleep-cassette/SC4821GC-Hypnogram.edf,4271e32498aac568e0ab24597d7e70deb84ea58e63c9a46bd792e051becefcd5,2722,original_raw_grid,,,,,,,,
edf78_npz,SC,SC:82,1,SC4821G0,/home/FA006/Desktop/Dimension/dataset/Preprocessed Sleep-EDF-78 dataset/SC4821G0.npz,5178474411dc2cfb6d26ae0cb6c3c21d2ccdc1c9c1fa89e9ddc7da1c9d977b28,,,1704,all_epochs_waveform_verified,100.0,EEG Fpz-Cz,uV,,"[{""array_start"": 0, ""array_stop"": 1205, ""original_start"": 309, ""original_stop"": 1514}, {""array_start"": 1205, ""array_stop"": 1704, ""original_start"": 1515, ""original_stop"": 2014}]",5d63f361ecb824382247c682f67649d1a4be7b1fba773b34aaa9bdf2ddeef0e8,1018,unknown upstream script/policy
raw_sc,SC,SC:82,2,SC4822G0,/home/FA006/Desktop/Sleep_dl/SLeep_edf_fulldataset/physionet.org/files/sleep-edfx/1.0.0/sleep-cassette/SC4822G0-PSG.edf,96b340922db50e40bef0a41f4ea7364a9b785631371bf8bf221898fad990ba0d,/home/FA006/Desktop/Sleep_dl/SLeep_edf_fulldataset/physionet.org/files/sleep-edfx/1.0.0/sleep-cassette/SC4822GC-Hypnogram.edf,b97ecb2e02f9fb54a0771fbb9dab30a04921e7d22e4fad0b4ddef6324f1f0065,2810,original_raw_grid,,,,,,,,
edf78_npz,SC,SC:82,2,SC4822G0,/home/FA006/Desktop/Dimension/dataset/Preprocessed Sleep-EDF-78 dataset/SC4822G0.npz,40c09c82a81fd89bb4ffe0477e2d20a84e87e5225f2c5d9e7b500c310b1956c6,,,1366,all_epochs_waveform_verified,100.0,EEG Fpz-Cz,uV,,"[{""array_start"": 0, ""array_stop"": 1366, ""original_start"": 744, ""original_stop"": 2110}]",8f7162b28d7d98bee1f697fb34cb5d6fd1e14912546ce793090aa529b8d6798d,1444,unknown upstream script/policy
raw_st,ST,ST:01,1,ST7011J0,/home/FA006/Desktop/Sleep_dl/SLeep_edf_fulldataset/physionet.org/files/sleep-edfx/1.0.0/sleep-telemetry/ST7011J0-PSG.edf,6f14ca2c42184c5114e2d220d91c4f0d7bc627fb53f6760c4c9997272cf4319b,/home/FA006/Desktop/Sleep_dl/SLeep_edf_fulldataset/physionet.org/files/sleep-edfx/1.0.0/sleep-telemetry/ST7011JP-Hypnogram.edf,e4c8dcc87611e3daa559f633b43d51b47e0ba6ad1f246fc9af3327e4e4e885a8,1196,original_raw_grid,,,,placebo,,,,
raw_st,ST,ST:01,2,ST7012J0,/home/FA006/Desktop/Sleep_dl/SLeep_edf_fulldataset/physionet.org/files/sleep-edfx/1.0.0/sleep-telemetry/ST7012J0-PSG.edf,35159fc807b9bbfd695956874ab24f2b928f22bcb72c2b5d230ecff65a3839db,/home/FA006/Desktop/Sleep_dl/SLeep_edf_fulldataset/physionet.org/files/sleep-edfx/1.0.0/sleep-telemetry/ST7012JP-Hypnogram.edf,2cd9af7165ece34cfe1521b9f8ea7a94a7b96ee287f52705d5cda3d379f53a99,1044,original_raw_grid,,,,temazepam,,,,
raw_st,ST,ST:02,1,ST7021J0,/home/FA006/Desktop/Sleep_dl/SLeep_edf_fulldataset/physionet.org/files/sleep-edfx/1.0.0/sleep-telemetry/ST7021J0-PSG.edf,8fafa1956a229852dd0bde5f45b1fbdb90adf4046f7fc94390e6bbd0561319ba,/home/FA006/Desktop/Sleep_dl/SLeep_edf_fulldataset/physionet.org/files/sleep-edfx/1.0.0/sleep-telemetry/ST7021JM-Hypnogram.edf,69d42fe5921a043fdcf4e1173e1e8699216349e53a3b6c09076a5106098c95e2,1020,invalid,,,,temazepam,,,,
raw_st,ST,ST:02,2,ST7022J0,/home/FA006/Desktop/Sleep_dl/SLeep_edf_fulldataset/physionet.org/files/sleep-edfx/1.0.0/sleep-telemetry/ST7022J0-PSG.edf,36e37bc35a6766a22d4a0f700b5772f3ef62ffbabe96d0ae744d8a231d400ea5,/home/FA006/Desktop/Sleep_dl/SLeep_edf_fulldataset/physionet.org/files/sleep-edfx/1.0.0/sleep-telemetry/ST7022JM-Hypnogram.edf,0eaf4efecb6cd0021f004cfddf32d0d50e181e1406536181c7d861b32667856f,1025,original_raw_grid,,,,placebo,,,,
raw_st,ST,ST:04,1,ST7041J0,/home/FA006/Desktop/Sleep_dl/SLeep_edf_fulldataset/physionet.org/files/sleep-edfx/1.0.0/sleep-telemetry/ST7041J0-PSG.edf,a6f8f3379653564975f2ba6635334e45be8c8b672c1eefac28b0e9428fd0b6bb,/home/FA006/Desktop/Sleep_dl/SLeep_edf_fulldataset/physionet.org/files/sleep-edfx/1.0.0/sleep-telemetry/ST7041JO-Hypnogram.edf,27b5959781c5a5c1565dbfb22264adb51a73c80c46df55e261be15a8b4ea090d,1038,original_raw_grid,,,,placebo,,,,
raw_st,ST,ST:04,2,ST7042J0,/home/FA006/Desktop/Sleep_dl/SLeep_edf_fulldataset/physionet.org/files/sleep-edfx/1.0.0/sleep-telemetry/ST7042J0-PSG.edf,7615d159963fc0f6a407d9b9725eda2747f7253211df57422466e0f6626360f8,/home/FA006/Desktop/Sleep_dl/SLeep_edf_fulldataset/physionet.org/files/sleep-edfx/1.0.0/sleep-telemetry/ST7042JO-Hypnogram.edf,a6c4bc35cdb8ea9efc89ca3c42d6a4b49e57d86d4996b9257d8d1f0b6c2aab99,1157,original_raw_grid,,,,temazepam,,,,
raw_st,ST,ST:05,1,ST7051J0,/home/FA006/Desktop/Sleep_dl/SLeep_edf_fulldataset/physionet.org/files/sleep-edfx/1.0.0/sleep-telemetry/ST7051J0-PSG.edf,b250ce14c5ca350c6d53753f8165aa74739e8ef7d07bc56b7f3f33d795545455,/home/FA006/Desktop/Sleep_dl/SLeep_edf_fulldataset/physionet.org/files/sleep-edfx/1.0.0/sleep-telemetry/ST7051JA-Hypnogram.edf,cb40ce456446d0ddd43654358dd0a01e166377ce15d58cd0786315dc87dc9306,1073,original_raw_grid,,,,temazepam,,,,
raw_st,ST,ST:05,2,ST7052J0,/home/FA006/Desktop/Sleep_dl/SLeep_edf_fulldataset/physionet.org/files/sleep-edfx/1.0.0/sleep-telemetry/ST7052J0-PSG.edf,31280a2e0cea4cf3e607245139c193c6964cb8f3e3c26f7b10d892739733e947,/home/FA006/Desktop/Sleep_dl/SLeep_edf_fulldataset/physionet.org/files/sleep-edfx/1.0.0/sleep-telemetry/ST7052JA-Hypnogram.edf,39ca2bea19bd01a6704f71840834818124f413c46245ef65f74ef9ccc4c0df59,1094,original_raw_grid,,,,placebo,,,,
raw_st,ST,ST:06,1,ST7061J0,/home/FA006/Desktop/Sleep_dl/SLeep_edf_fulldataset/physionet.org/files/sleep-edfx/1.0.0/sleep-telemetry/ST7061J0-PSG.edf,0b9589c9b56d1a0c7bdddab47434b9de273bf7d09ad0f59deb3e37c248c431b3,/home/FA006/Desktop/Sleep_dl/SLeep_edf_fulldataset/physionet.org/files/sleep-edfx/1.0.0/sleep-telemetry/ST7061JR-Hypnogram.edf,3e7056932ac7857e6a372458ec2ed1aea1c871bd614f121d6d92d5aae3c24a09,1085,original_raw_grid,,,,placebo,,,,
raw_st,ST,ST:06,2,ST7062J0,/home/FA006/Desktop/Sleep_dl/SLeep_edf_fulldataset/physionet.org/files/sleep-edfx/1.0.0/sleep-telemetry/ST7062J0-PSG.edf,1d760158620192bd0a71646e28c67f65141c6f5814853c8e4f2060eae5250f37,/home/FA006/Desktop/Sleep_dl/SLeep_edf_fulldataset/physionet.org/files/sleep-edfx/1.0.0/sleep-telemetry/ST7062JR-Hypnogram.edf,0b092268ba6227edc1d316f5b7073ba0cf67c9d9eb08b272bc1e9e2effa94a22,1092,original_raw_grid,,,,temazepam,,,,
raw_st,ST,ST:07,1,ST7071J0,/home/FA006/Desktop/Sleep_dl/SLeep_edf_fulldataset/physionet.org/files/sleep-edfx/1.0.0/sleep-telemetry/ST7071J0-PSG.edf,151cffce9d48e3b9240debe5be18fa5fbd570cb518b230aa2d597e8395e2554e,/home/FA006/Desktop/Sleep_dl/SLeep_edf_fulldataset/physionet.org/files/sleep-edfx/1.0.0/sleep-telemetry/ST7071JA-Hypnogram.edf,c04fa7ed07a41800e8cf7a98957682a88101638a51ab25194a1573b4d48be342,915,invalid,,,,placebo,,,,
raw_st,ST,ST:07,2,ST7072J0,/home/FA006/Desktop/Sleep_dl/SLeep_edf_fulldataset/physionet.org/files/sleep-edfx/1.0.0/sleep-telemetry/ST7072J0-PSG.edf,f2d826b0afafa5d1ffa676975cec5f43c9267bff51aa7c5e4c0dee4b7634b1b8,/home/FA006/Desktop/Sleep_dl/SLeep_edf_fulldataset/physionet.org/files/sleep-edfx/1.0.0/sleep-telemetry/ST7072JA-Hypnogram.edf,c42edc154de857b12e4841d90050eaa4b0905fb3cd442cacaaa6f276945eb72c,915,original_raw_grid,,,,temazepam,,,,
raw_st,ST,ST:08,1,ST7081J0,/home/FA006/Desktop/Sleep_dl/SLeep_edf_fulldataset/physionet.org/files/sleep-edfx/1.0.0/sleep-telemetry/ST7081J0-PSG.edf,498f02b49045c03a140288e57e105ef31852036799ad5b1bd43509632bae705a,/home/FA006/Desktop/Sleep_dl/SLeep_edf_fulldataset/physionet.org/files/sleep-edfx/1.0.0/sleep-telemetry/ST7081JW-Hypnogram.edf,63a6c23440c6f5352d89380d308bf52845922442d42e742768910e09e8d69192,966,original_raw_grid,,,,temazepam,,,,
raw_st,ST,ST:08,2,ST7082J0,/home/FA006/Desktop/Sleep_dl/SLeep_edf_fulldataset/physionet.org/files/sleep-edfx/1.0.0/sleep-telemetry/ST7082J0-PSG.edf,a29aefc0462c5544f34c63fee3276e34c149881422b76ff56cfa1da07a824ec7,/home/FA006/Desktop/Sleep_dl/SLeep_edf_fulldataset/physionet.org/files/sleep-edfx/1.0.0/sleep-telemetry/ST7082JW-Hypnogram.edf,a89bb55a2b24a5e54d1fc5ff0cbca14d3d69d1cdd5b8addc4879bea74dbd772e,951,original_raw_grid,,,,placebo,,,,
raw_st,ST,ST:09,1,ST7091J0,/home/FA006/Desktop/Sleep_dl/SLeep_edf_fulldataset/physionet.org/files/sleep-edfx/1.0.0/sleep-telemetry/ST7091J0-PSG.edf,bc0df2259c28c9ad23e30f8155240c6aa20e3f8265db67c82c5eb20c798ad4b6,/home/FA006/Desktop/Sleep_dl/SLeep_edf_fulldataset/physionet.org/files/sleep-edfx/1.0.0/sleep-telemetry/ST7091JE-Hypnogram.edf,17bb12dd004db189a65debbded5588f6b443579c2b6d913701ae3e875707a347,995,original_raw_grid,,,,temazepam,,,,
raw_st,ST,ST:09,2,ST7092J0,/home/FA006/Desktop/Sleep_dl/SLeep_edf_fulldataset/physionet.org/files/sleep-edfx/1.0.0/sleep-telemetry/ST7092J0-PSG.edf,87f995678396da7db3748cf80b48ee3e141e890fc73e9aaf08a61eed3c16cf44,/home/FA006/Desktop/Sleep_dl/SLeep_edf_fulldataset/physionet.org/files/sleep-edfx/1.0.0/sleep-telemetry/ST7092JE-Hypnogram.edf,3cb270c93e5178495073f8de4cd20a23c80edd596367682a49490de43b503258,962,invalid,,,,placebo,,,,
raw_st,ST,ST:10,1,ST7101J0,/home/FA006/Desktop/Sleep_dl/SLeep_edf_fulldataset/physionet.org/files/sleep-edfx/1.0.0/sleep-telemetry/ST7101J0-PSG.edf,f7ef230d46fa3e4f3361396288c287a027055e2bcca0bb318807c664f961c739,/home/FA006/Desktop/Sleep_dl/SLeep_edf_fulldataset/physionet.org/files/sleep-edfx/1.0.0/sleep-telemetry/ST7101JE-Hypnogram.edf,63c253c3cf3d594680c7e44806f97206d83e60376c35b34579d6ec6bf1f04304,1098,original_raw_grid,,,,placebo,,,,
raw_st,ST,ST:10,2,ST7102J0,/home/FA006/Desktop/Sleep_dl/SLeep_edf_fulldataset/physionet.org/files/sleep-edfx/1.0.0/sleep-telemetry/ST7102J0-PSG.edf,e7e39e1064c46d32298a7ae07f1e055e3ccc70ab972715fcc683e6163a00b12d,/home/FA006/Desktop/Sleep_dl/SLeep_edf_fulldataset/physionet.org/files/sleep-edfx/1.0.0/sleep-telemetry/ST7102JE-Hypnogram.edf,60012aae41b80bddd6026ca0b37f90bc7544f502322fd626e393eb1c76df855c,994,original_raw_grid,,,,temazepam,,,,
raw_st,ST,ST:11,1,ST7111J0,/home/FA006/Desktop/Sleep_dl/SLeep_edf_fulldataset/physionet.org/files/sleep-edfx/1.0.0/sleep-telemetry/ST7111J0-PSG.edf,cb199f7fc6c7e2f551d68f83442a9ef1f3fc1cace4e2bf013a6638a617d9bdfd,/home/FA006/Desktop/Sleep_dl/SLeep_edf_fulldataset/physionet.org/files/sleep-edfx/1.0.0/sleep-telemetry/ST7111JE-Hypnogram.edf,73b27b451d69603f60fe4148c57285060b977c66937d3dec7b6c9139a2808e27,1046,original_raw_grid,,,,temazepam,,,,
raw_st,ST,ST:11,2,ST7112J0,/home/FA006/Desktop/Sleep_dl/SLeep_edf_fulldataset/physionet.org/files/sleep-edfx/1.0.0/sleep-telemetry/ST7112J0-PSG.edf,ce7068312d7af94e96ebdc93300b6dba6b0d3550ef299e0191d976859e76fa80,/home/FA006/Desktop/Sleep_dl/SLeep_edf_fulldataset/physionet.org/files/sleep-edfx/1.0.0/sleep-telemetry/ST7112JE-Hypnogram.edf,13da1f93939747e7eb30fda42c1db412dd072e72dbc70a4e4cd91ebe0b45a449,1022,original_raw_grid,,,,placebo,,,,
raw_st,ST,ST:12,1,ST7121J0,/home/FA006/Desktop/Sleep_dl/SLeep_edf_fulldataset/physionet.org/files/sleep-edfx/1.0.0/sleep-telemetry/ST7121J0-PSG.edf,ab8c771cae26431055c08ce683f39ba136faa11e0d17cb9f1199b1dcf5a8b332,/home/FA006/Desktop/Sleep_dl/SLeep_edf_fulldataset/physionet.org/files/sleep-edfx/1.0.0/sleep-telemetry/ST7121JE-Hypnogram.edf,e41f000270864e8772cb89056753c2f5297241e058784cbb7767bfc7a5636422,1040,original_raw_grid,,,,placebo,,,,
raw_st,ST,ST:12,2,ST7122J0,/home/FA006/Desktop/Sleep_dl/SLeep_edf_fulldataset/physionet.org/files/sleep-edfx/1.0.0/sleep-telemetry/ST7122J0-PSG.edf,f50459ebaaa81ce5b59d02c960cb6c0e0fc803e32e4510545752a79c03a9e306,/home/FA006/Desktop/Sleep_dl/SLeep_edf_fulldataset/physionet.org/files/sleep-edfx/1.0.0/sleep-telemetry/ST7122JE-Hypnogram.edf,540dcc6d09b1c5a2801a2cb7a5617564adc5460cd4ffb9053b8cff642f1bc675,1011,original_raw_grid,,,,temazepam,,,,
raw_st,ST,ST:13,1,ST7131J0,/home/FA006/Desktop/Sleep_dl/SLeep_edf_fulldataset/physionet.org/files/sleep-edfx/1.0.0/sleep-telemetry/ST7131J0-PSG.edf,9931700ea7ee09984a8ec3f013d69b2bc0e55c8533f43e3e55a7b10f0d7c563b,/home/FA006/Desktop/Sleep_dl/SLeep_edf_fulldataset/physionet.org/files/sleep-edfx/1.0.0/sleep-telemetry/ST7131JR-Hypnogram.edf,7cb0e38ef4de3ae8189eaa07469849a643f9fffda16d6b88328ae3f401ab94a5,922,invalid,,,,temazepam,,,,
raw_st,ST,ST:13,2,ST7132J0,/home/FA006/Desktop/Sleep_dl/SLeep_edf_fulldataset/physionet.org/files/sleep-edfx/1.0.0/sleep-telemetry/ST7132J0-PSG.edf,46866bb5aa9606dcc138aadc981d5ec3731db66a66256a350742f3829b1fdb94,/home/FA006/Desktop/Sleep_dl/SLeep_edf_fulldataset/physionet.org/files/sleep-edfx/1.0.0/sleep-telemetry/ST7132JR-Hypnogram.edf,6416560aabed4763c863aed96c9c40ef994931060db89cb58fdd955c35777c1d,899,invalid,,,,placebo,,,,
raw_st,ST,ST:14,1,ST7141J0,/home/FA006/Desktop/Sleep_dl/SLeep_edf_fulldataset/physionet.org/files/sleep-edfx/1.0.0/sleep-telemetry/ST7141J0-PSG.edf,48a609f202f47f6baf16050995665966fbfecd0f7aa01e9d3b2ca7b9af1eab60,/home/FA006/Desktop/Sleep_dl/SLeep_edf_fulldataset/physionet.org/files/sleep-edfx/1.0.0/sleep-telemetry/ST7141JE-Hypnogram.edf,0c6b46e873a6294b975b5315f60bc0734de46468c224404dbc63802cf4f25de1,920,invalid,,,,placebo,,,,
raw_st,ST,ST:14,2,ST7142J0,/home/FA006/Desktop/Sleep_dl/SLeep_edf_fulldataset/physionet.org/files/sleep-edfx/1.0.0/sleep-telemetry/ST7142J0-PSG.edf,89e408cb878723e932e90ba724745e25dd34a5f821f8659de40cab73219a7996,/home/FA006/Desktop/Sleep_dl/SLeep_edf_fulldataset/physionet.org/files/sleep-edfx/1.0.0/sleep-telemetry/ST7142JE-Hypnogram.edf,9c4b1e7312079351777e783dde164554f5703372907858eef3c6bd91290088a9,917,invalid,,,,temazepam,,,,
raw_st,ST,ST:15,1,ST7151J0,/home/FA006/Desktop/Sleep_dl/SLeep_edf_fulldataset/physionet.org/files/sleep-edfx/1.0.0/sleep-telemetry/ST7151J0-PSG.edf,d0b964c286227081fe4278b89164e944656aeeab6cd6be0aa0f1feffb64c5966,/home/FA006/Desktop/Sleep_dl/SLeep_edf_fulldataset/physionet.org/files/sleep-edfx/1.0.0/sleep-telemetry/ST7151JA-Hypnogram.edf,6186634d5ac303612c080414cfd19052466a34f38f1bbceca22562206c192f59,1283,original_raw_grid,,,,placebo,,,,
raw_st,ST,ST:15,2,ST7152J0,/home/FA006/Desktop/Sleep_dl/SLeep_edf_fulldataset/physionet.org/files/sleep-edfx/1.0.0/sleep-telemetry/ST7152J0-PSG.edf,7118270e9a410e82e2defd7a255bc1e07f97d03956bc6ae4bb98733603258019,/home/FA006/Desktop/Sleep_dl/SLeep_edf_fulldataset/physionet.org/files/sleep-edfx/1.0.0/sleep-telemetry/ST7152JA-Hypnogram.edf,93388e1505d93ba6c260729fdf32ef705aa7b3497d1eaa13896e4593381ef3d2,1075,original_raw_grid,,,,temazepam,,,,
raw_st,ST,ST:16,1,ST7161J0,/home/FA006/Desktop/Sleep_dl/SLeep_edf_fulldataset/physionet.org/files/sleep-edfx/1.0.0/sleep-telemetry/ST7161J0-PSG.edf,80ec650658bb37b56d5727377411058e6a23e7fc08b68017933d250b8779f030,/home/FA006/Desktop/Sleep_dl/SLeep_edf_fulldataset/physionet.org/files/sleep-edfx/1.0.0/sleep-telemetry/ST7161JM-Hypnogram.edf,e86497d62bad22767d969b3c5c533883baacfeb40bc2a64a92688871a1687240,1110,original_raw_grid,,,,temazepam,,,,
raw_st,ST,ST:16,2,ST7162J0,/home/FA006/Desktop/Sleep_dl/SLeep_edf_fulldataset/physionet.org/files/sleep-edfx/1.0.0/sleep-telemetry/ST7162J0-PSG.edf,b582ec1a30a9d6e6dcbef5eac92c4c10111dcbcd9075ab6b347513f7e033ee5a,/home/FA006/Desktop/Sleep_dl/SLeep_edf_fulldataset/physionet.org/files/sleep-edfx/1.0.0/sleep-telemetry/ST7162JM-Hypnogram.edf,068fe6ef03b26a1df9736cf3b6f887a149e0549ccddc78e556c800036c420e11,1001,original_raw_grid,,,,placebo,,,,
raw_st,ST,ST:17,1,ST7171J0,/home/FA006/Desktop/Sleep_dl/SLeep_edf_fulldataset/physionet.org/files/sleep-edfx/1.0.0/sleep-telemetry/ST7171J0-PSG.edf,692141fb378085c83579206de487af808e8cbfe2c819859912af3357f1b386e6,/home/FA006/Desktop/Sleep_dl/SLeep_edf_fulldataset/physionet.org/files/sleep-edfx/1.0.0/sleep-telemetry/ST7171JA-Hypnogram.edf,d4ea82295a217bd8dc2b899c2f1ca0ad9595a0094102681c7482d807d32fd80d,964,original_raw_grid,,,,placebo,,,,
raw_st,ST,ST:17,2,ST7172J0,/home/FA006/Desktop/Sleep_dl/SLeep_edf_fulldataset/physionet.org/files/sleep-edfx/1.0.0/sleep-telemetry/ST7172J0-PSG.edf,3faac5132632d32792cb5e3720ee24c9be19155e3351cfac3b46ae27171a59bd,/home/FA006/Desktop/Sleep_dl/SLeep_edf_fulldataset/physionet.org/files/sleep-edfx/1.0.0/sleep-telemetry/ST7172JA-Hypnogram.edf,bb5c81cb601fd37627b46ecd566d728a64a0146f03578d1f8dcbf24cd93e0543,1006,original_raw_grid,,,,temazepam,,,,
raw_st,ST,ST:18,1,ST7181J0,/home/FA006/Desktop/Sleep_dl/SLeep_edf_fulldataset/physionet.org/files/sleep-edfx/1.0.0/sleep-telemetry/ST7181J0-PSG.edf,557152fb9bf05de177bcfa827cb4c19896c38b9da8707c4dd85dc058f44bb96a,/home/FA006/Desktop/Sleep_dl/SLeep_edf_fulldataset/physionet.org/files/sleep-edfx/1.0.0/sleep-telemetry/ST7181JR-Hypnogram.edf,2d585f954cd07ba2888ccaa0b6c37c487aade838dd264382f22d7f005f3c55ef,1029,original_raw_grid,,,,temazepam,,,,
raw_st,ST,ST:18,2,ST7182J0,/home/FA006/Desktop/Sleep_dl/SLeep_edf_fulldataset/physionet.org/files/sleep-edfx/1.0.0/sleep-telemetry/ST7182J0-PSG.edf,67708014445ead45244ed299fde26e4273a560992f0160a576ab80490f2cbfa5,/home/FA006/Desktop/Sleep_dl/SLeep_edf_fulldataset/physionet.org/files/sleep-edfx/1.0.0/sleep-telemetry/ST7182JR-Hypnogram.edf,7ecbf8614a553cab7495281762e753ffc1f617a9012eaac87c03c62a76323d34,1131,original_raw_grid,,,,placebo,,,,
raw_st,ST,ST:19,1,ST7191J0,/home/FA006/Desktop/Sleep_dl/SLeep_edf_fulldataset/physionet.org/files/sleep-edfx/1.0.0/sleep-telemetry/ST7191J0-PSG.edf,e3aa170eb79c1ecfd4fe35a01fc5928389ad9ba6888a3f8f7d5b050999b8e711,/home/FA006/Desktop/Sleep_dl/SLeep_edf_fulldataset/physionet.org/files/sleep-edfx/1.0.0/sleep-telemetry/ST7191JR-Hypnogram.edf,3c2e3118de413f4b89ce4d368b5aba1213adae4d06e72b2a515d9a882b3eb44e,1126,original_raw_grid,,,,temazepam,,,,
raw_st,ST,ST:19,2,ST7192J0,/home/FA006/Desktop/Sleep_dl/SLeep_edf_fulldataset/physionet.org/files/sleep-edfx/1.0.0/sleep-telemetry/ST7192J0-PSG.edf,04e12f82f605d2145db033440280ae9a667dd5905473a5fac5b7217461cbd433,/home/FA006/Desktop/Sleep_dl/SLeep_edf_fulldataset/physionet.org/files/sleep-edfx/1.0.0/sleep-telemetry/ST7192JR-Hypnogram.edf,5beb0645533fa7c14e31cc36245aa545e2c0237602f9f2c43470952d49026ec8,1096,original_raw_grid,,,,placebo,,,,
raw_st,ST,ST:20,1,ST7201J0,/home/FA006/Desktop/Sleep_dl/SLeep_edf_fulldataset/physionet.org/files/sleep-edfx/1.0.0/sleep-telemetry/ST7201J0-PSG.edf,e67a82b26dc7e5ef42252db31466b3c28c017ef7a56bb84e8229eb338738341c,/home/FA006/Desktop/Sleep_dl/SLeep_edf_fulldataset/physionet.org/files/sleep-edfx/1.0.0/sleep-telemetry/ST7201JO-Hypnogram.edf,fa090a2f3d17c43f237f909c0f4722445cc10a50fbd3339a18697452b5a5e948,970,original_raw_grid,,,,placebo,,,,
raw_st,ST,ST:20,2,ST7202J0,/home/FA006/Desktop/Sleep_dl/SLeep_edf_fulldataset/physionet.org/files/sleep-edfx/1.0.0/sleep-telemetry/ST7202J0-PSG.edf,818b8bbc1268c993e3b0c069d65651201c59d19e9d783135bb486c7fcdca4ab2,/home/FA006/Desktop/Sleep_dl/SLeep_edf_fulldataset/physionet.org/files/sleep-edfx/1.0.0/sleep-telemetry/ST7202JO-Hypnogram.edf,a9dded93d049a728293d9b98a2608fe883ae58b23ea42909b3637236aca7fbe8,1000,original_raw_grid,,,,temazepam,,,,
raw_st,ST,ST:21,1,ST7211J0,/home/FA006/Desktop/Sleep_dl/SLeep_edf_fulldataset/physionet.org/files/sleep-edfx/1.0.0/sleep-telemetry/ST7211J0-PSG.edf,e5f2e46bb843779399e0d9859a0b6f0bc24df98024b5e382d60e8b5fa5dc22ab,/home/FA006/Desktop/Sleep_dl/SLeep_edf_fulldataset/physionet.org/files/sleep-edfx/1.0.0/sleep-telemetry/ST7211JJ-Hypnogram.edf,b3c07dd57378d9158bd303d13f4e63ac1aa4c71b2881b13b87210cd87c3b6e99,1079,original_raw_grid,,,,temazepam,,,,
raw_st,ST,ST:21,2,ST7212J0,/home/FA006/Desktop/Sleep_dl/SLeep_edf_fulldataset/physionet.org/files/sleep-edfx/1.0.0/sleep-telemetry/ST7212J0-PSG.edf,094e70db254835572b1d8a9ffb41e67cdff365a250d163786eb446f278bb7ba9,/home/FA006/Desktop/Sleep_dl/SLeep_edf_fulldataset/physionet.org/files/sleep-edfx/1.0.0/sleep-telemetry/ST7212JJ-Hypnogram.edf,dad4cd17ab88f828314c26fb3a6e38ad0fab6852ed285ac1dcb0ceacca78cf12,1054,original_raw_grid,,,,placebo,,,,
raw_st,ST,ST:22,1,ST7221J0,/home/FA006/Desktop/Sleep_dl/SLeep_edf_fulldataset/physionet.org/files/sleep-edfx/1.0.0/sleep-telemetry/ST7221J0-PSG.edf,6f0f35c752bc952b6f7f379d504bfcf455c97ceaf53abcb8a7fee8ad6d6d22e1,/home/FA006/Desktop/Sleep_dl/SLeep_edf_fulldataset/physionet.org/files/sleep-edfx/1.0.0/sleep-telemetry/ST7221JA-Hypnogram.edf,8e84e893e64d03641db18bd7ed68983f2e1f16dbdc0df8e26aa19c96b654d754,1098,original_raw_grid,,,,placebo,,,,
raw_st,ST,ST:22,2,ST7222J0,/home/FA006/Desktop/Sleep_dl/SLeep_edf_fulldataset/physionet.org/files/sleep-edfx/1.0.0/sleep-telemetry/ST7222J0-PSG.edf,a15eba26f6e0f319ed7566f34597336a61c2da3e0269118b3fbc8e9b147791f6,/home/FA006/Desktop/Sleep_dl/SLeep_edf_fulldataset/physionet.org/files/sleep-edfx/1.0.0/sleep-telemetry/ST7222JA-Hypnogram.edf,8bdab9a9248b5db4d1f59ebb3c39c6c813d0db3ada26ced163c600d86ed06e9e,958,original_raw_grid,,,,temazepam,,,,
raw_st,ST,ST:24,1,ST7241J0,/home/FA006/Desktop/Sleep_dl/SLeep_edf_fulldataset/physionet.org/files/sleep-edfx/1.0.0/sleep-telemetry/ST7241J0-PSG.edf,78c32cdcdcf714765eda928e780ced56ae370cbbb6541df7afc2ebec4e64cd82,/home/FA006/Desktop/Sleep_dl/SLeep_edf_fulldataset/physionet.org/files/sleep-edfx/1.0.0/sleep-telemetry/ST7241JO-Hypnogram.edf,272429278d9ccd487f085385dc22bad7ddbe8e052116db7d45d812d6c6a2326c,1087,original_raw_grid,,,,placebo,,,,
raw_st,ST,ST:24,2,ST7242J0,/home/FA006/Desktop/Sleep_dl/SLeep_edf_fulldataset/physionet.org/files/sleep-edfx/1.0.0/sleep-telemetry/ST7242J0-PSG.edf,58b14b73a1ccb94f7a3400a54d6930fd96e2d96d4a95adbd840135bef101d9c0,/home/FA006/Desktop/Sleep_dl/SLeep_edf_fulldataset/physionet.org/files/sleep-edfx/1.0.0/sleep-telemetry/ST7242JO-Hypnogram.edf,575198bc383377cc1d190d48744dfde43802892c903f7ff498e56d5fa0c99442,982,original_raw_grid,,,,temazepam,,,,
